Crazyflie name,QTM packet timestamp (s),QTM_x (m),QTM_y (m),QTM_z (m),cf_yaw (°),QTM_vx (m/s),QTM_vy (m/s),QTM_vz (m/s),x_g (m),y_g (m),z_g (m),yaw_g (°),roll_c (°),pitch_c (°),yaw_rate_c (°/s),thrust_c (PWM)
cf1_sim,7.699999999999924,0.0,0.0,0.4,0.0,0.0,0.0,0.0,0.9998937533463097,0.012499322930012893,0.5,0.2864788975654055,-0.28646338026433316,20,-1,42062
cf1_sim,7.719999999999923,0.0013697343969651498,1.961893727094824e-05,0.4,0.02,0.0684867198482575,0.0009809468635474119,0.0,0.9995750535388216,0.024994583760400414,0.5,0.5722774528196779,-0.5424646029127872,20,-3,42875
cf1_sim,7.739999999999923,0.004109190139084444,7.686762105816209e-05,0.4,0.08,0.1369727871059647,0.0028624341893606926,0.0,0.9990440210222817,0.037481721992886345,0.5,0.8576777577587539,-0.7641984080840932,19.66412782637529,-4,43688
cf1_sim,7.7599999999999225,0.008195303105116482,0.0001883340875637769,0.4,0.16,0.20430564830160192,0.005573323325280741,0.0,0.9983008564845985,0.04995668033125289,0.5,1.1430728016484795,-0.9625802376194156,18.01196549918003,-5,44500
cf1_sim,7.779999999999922,0.01351480760215876,0.00036916906204212554,0.4,0.26,0.26597522485211395,0.009041748723917432,0.0,0.9973458407768643,0.06241540628077025,0.5,1.4287176677601685,-1.1401041391907205,16.457386303140943,-6,45312
cf1_sim,7.799999999999922,0.019961058575944178,0.0006331998816619291,0.4,0.37999999999999995,0.32231254868927095,0.013201540980990174,0.0,0.996179334801427,0.07485385374570752,0.5,1.714794526666963,-1.2990313565754805,14.995360591380244,-7,46125
cf1_sim,7.819999999999921,0.027433679979670438,0.0009930063008629763,0.4,0.52,0.37363107018631286,0.017990320960052365,0.0,0.9948017793680628,0.08726798462428634,0.5,2.001421967888677,-1.441409010594162,13.621092970182055,-7,46938
cf1_sim,7.839999999999921,0.03583823102443228,0.0014599923182615708,0.4,0.66,0.42022755223809205,0.023349300869929722,0.0,0.9932136950183024,0.09965377040044007,0.5,2.288661368397767,-1.5733913509426374,12.329465091225625,-8,47750
cf1_sim,7.85999999999992,0.04508588943148599,0.002044454227092511,0.4,0.8200000000000001,0.4623829203526855,0.02922309544154701,0.0,0.991415681817982,0.1120071937317422,0.5,2.57652089542344,-1.6914976800939947,11.116591148248174,-9,48562
cf1_sim,7.87999999999992,0.05509315084888397,0.0027556450812448972,0.4,1.0,0.500363070869899,0.03555954270761931,0.0,0.989408419118104,0.12432425003286976,0.5,2.8649575341901845,-1.797310219473044,9.978338906354363,-9,49375
cf1_sim,7.8999999999999195,0.06578154363531992,0.0036018357594954746,0.4,1.18,0.5344196393217977,0.04230953391252887,0.0,0.987192665284102,0.13660094905396852,0.5,3.1538773778713023,-1.8953642189375062,8.910113049314349,-10,50188
cf1_sim,7.919999999999919,0.07707735825241631,0.0045903728015439516,0.4,1.38,0.5647907308548195,0.049426852102423854,0.0,0.9847692573936169,0.14883331645328957,0.5,3.443134296351977,-1.983131335706503,7.908769952411751,-10,51000
cf1_sim,7.939999999999919,0.088911390543255,0.005727733180888244,0.4,1.5799999999999998,0.5917016145419347,0.05686801896721463,0.0,0.9821391109029072,0.16101739536346882,0.5,3.732526997817238,-2.064259960449456,6.97003654967461,-11,51812
cf1_sim,7.959999999999918,0.10121869820978519,0.007019576171423375,0.4,1.7999999999999998,0.6153653833265091,0.06459214952675654,0.0,0.9793032192820252,0.17314924795082323,0.5,4.021794401616018,-2.136793661535597,6.091203067974888,-11,52625
cf1_sim,7.979999999999918,0.11393836983492106,0.008470792456886256,0.4,2.02,0.6359835812567941,0.072560814273144,0.0,0.9762626536189067,0.18522495696704094,0.5,4.310609142821347,-2.20360638323936,5.268294081602828,-11,53438
cf1_sim,7.999999999999917,0.1270133058267436,0.010085550624881147,0.4,2.24,0.6537467995911281,0.0807379083997446,0.0,0.9730185621925301,0.19724062729264524,0.5,4.598568919095401,-2.2648185154583045,4.498197828925526,-12,54250
cf1_sim,8.019999999999918,0.14039001069231968,0.011867341180189523,0.4,2.4800000000000004,0.6688352432788033,0.08908952776541876,0.0,0.9695721700153184,0.20919238747161523,0.5,4.885185258409682,-2.3192375451525553,3.778774788055757,-12,55062
cf1_sim,8.039999999999917,0.1540183960773187,0.013819018205376319,0.4,2.7200000000000006,0.6814192692499518,0.09758385125933978,0.0,0.9659247783449645,0.22107639123655054,0.5,5.169869118762077,-2.3687834912485046,3.1064550850078554,-12,55875
cf1_sim,8.059999999999917,0.16785159403491032,0.015942838790336186,0.4,2.960000000000001,0.6916598978795804,0.10619102924799335,0.0,0.9620777641658778,0.23288881902377,0.5,5.451912510607031,-2.413545496868097,2.478585182612816,-12,56688
cf1_sim,8.079999999999917,0.18184578001342772,0.0182405003463628,0.4,3.200000000000001,0.6997092989258692,0.11488307780133072,0.0,0.9580325796404554,0.24462587947773937,0.5,5.730465034271285,-2.453619651155974,1.892651038051941,-13,57500
cf1_sim,8.099999999999916,0.19596000507704564,0.020713175914557055,0.4,3.460000000000001,0.7057112531808961,0.12363377840971272,0.0,0.9537907515304028,0.25628381094422636,0.5,6.004503811601593,-2.48863795609885,1.3471399174492547,-13,58312
cf1_sim,8.119999999999916,0.21015603689730403,0.023361547572901993,0.4,3.720000000000001,0.7098015910129188,0.13241858291724692,0.0,0.9493538805883301,0.2678588829515873,0.5,6.272794708677476,-2.51953281975265,0.8389490323501754,-13,59125
cf1_sim,8.139999999999915,0.22439820907576596,0.026185838041110406,0.4,3.980000000000001,0.7121086089230967,0.1412145234104206,0.0,0.9447236409198705,0.2793473976795919,0.5,6.533841910724262,-2.5463789706724174,0.3659379462629834,-13,59938
cf1_sim,8.159999999999915,0.23865327837948472,0.029185840577382383,0.4,4.24,0.7127534651859374,0.1500001268135988,0.0,0.9399017793165751,0.29074569141520124,0.5,6.785821690350474,-2.569257568082292,-0.0739200600298091,-13,60750
cf1_sim,8.179999999999914,0.2528902894913185,0.032360947256482774,0.4,4.5,0.7118505555916879,0.1587553339550196,0.0,0.9348901145598508,0.3020501359947154,0.5,7.026494397065712,-2.588255343244499,-0.482543697177515,-13,61562
cf1_sim,8.199999999999914,0.2670804468965231,0.0357101757140509,0.4,4.76,0.7095078702602307,0.16746142287840615,0.0,0.9296905366962189,0.31325714023171586,0.5,7.253085949615175,-2.603463809541851,-0.8617491007762795,-12,62375
cf1_sim,8.219999999999914,0.28119699354551686,0.039232194437776,0.4,5.0,0.7058273324496879,0.1761009361862552,0.0,0.924305006284186,0.32436315133023075,0.5,7.462125866154018,-2.614554871501382,-1.2141677283426122,-12,63188
cf1_sim,8.239999999999913,0.2952150959502922,0.042925346682001556,0.4,5.24,0.7009051202387672,0.18465761221127774,0.0,0.9187355536130266,0.33536465628256,0.5,7.649222151689619,-2.621823639092135,-1.540518405090302,-12,64000
cf1_sim,8.259999999999913,0.3091117353886882,0.046787673078449325,0.4,5.48,0.6948319719198001,0.1931163198223885,0.0,0.9129842778937908,0.34625818325120006,0.5,7.8087424741836795,-2.625397544579592,-1.8423358167707924,-12,64812
cf1_sim,8.279999999999912,0.3228656049066749,0.050816933012071026,0.4,5.720000000000001,0.6876934758993346,0.20146299668108492,0.0,0.9070533464228603,0.3570403029343174,0.5,7.933352911731495,-2.6254042130835336,-2.121071466787875,-11,65000
cf1_sim,8.299999999999912,0.33645701182397375,0.05501062482753205,0.4,5.94,0.679570345864945,0.20968459077305127,0.0,0.9009449937183869,0.36770762991422434,0.5,8.013334346099704,-2.621140818279343,-2.3790130125442097,-10,65000
cf1_sim,8.319999999999911,0.3498677854627845,0.05936600492849977,0.4,6.140000000000001,0.6705386819405377,0.2177690050483858,0.0,0.8946615206299597,0.3782568239883191,0.5,8.035540998940428,-2.6124855553839272,-2.617450043853995,-9,65000
cf1_sim,8.339999999999911,0.3630811898331398,0.06388010582873983,0.4,6.32,0.6606702185177642,0.2257050450120031,0.0,0.8882052934218563,0.38868459148195755,0.5,7.981762580319282,-2.599355050990877,-2.8375930562298786,-8,65000
cf1_sim,8.35999999999991,0.37608184102150244,0.06854975321101034,0.4,6.48,0.6500325594181325,0.23348236911352563,0.0,0.8815787428302442,0.3989876865427324,0.5,7.826051541170213,-2.5817000866612916,-3.0405772332413705,-7,65000
cf1_sim,8.37999999999991,0.3888556290416814,0.07337158204687773,0.4,6.62,0.6386894010089476,0.2410914417933697,0.0,0.8747843630947109,0.4091629124156436,0.5,7.530167419730882,-2.5595017049985294,-3.2274661263657713,-5,65000
cf1_sim,8.39999999999991,0.40138964391900633,0.07834205182785306,0.4,6.72,0.6267007438662471,0.24852348904876678,0.0,0.8678247109645081,0.41920712269864885,0.5,7.035397228049753,-2.5315809524585218,-3.4001391225778823,-2,65000
cf1_sim,8.41999999999991,0.4136721057899934,0.08345746095565625,0.4,6.76,0.614123093549355,0.2557704563901596,0.0,0.8607024046799095,0.42911722257809326,0.5,6.2469113693320315,-2.4965604885068964,-3.5603647519866786,3,65000
cf1_sim,8.439999999999909,0.42569229881048304,0.08871396033695202,0.4,6.7,0.6010096510244822,0.26282496906478875,0.0,0.8534201229290876,0.4388901700435261,0.5,5.001409015935602,-2.451608640718981,-3.7106371938498564,8,65000
cf1_sim,8.459999999999908,0.4374405086754612,0.09410756622555913,0.4,6.54,0.5874104932489089,0.26968029443035607,0.0,0.8459806037809272,0.44852297708141625,0.5,2.9932423440281193,-2.396258033390722,-3.8515449731829223,18,65000
cf1_sim,8.479999999999908,0.4489079635635134,0.09963417235290772,0.4,6.18,0.5733727444026115,0.2763303063674294,0.0,0.8383866435942033,0.45801271084729217,0.5,-0.4172655400791756,-2.3231843661112643,-3.987618947649573,33,65000
cf1_sim,8.499999999999908,0.4600867783281275,0.10528956138540278,0.4,5.52,0.5589407382307031,0.2827694516247528,0.0,0.8306410959035592,0.4673564948158371,0.5,-6.790466193283016,-2.2242507577222868,-4.122659002148746,62,65000
cf1_sim,8.519999999999907,0.470969901766881,0.11106941574534004,0.4,4.279999999999999,0.5441561719376774,0.2889927179968627,0.0,0.8227468702827281,0.47655150990847966,0.5,-20.757264129692537,-2.077165642731455,-4.2658828706276255,125,65000
cf1_sim,8.539999999999907,0.4815510668079437,0.11696932783010788,0.4,1.7799999999999994,0.5290582520531322,0.2949956042383921,0.0,0.8147069311854569,0.4855949955980299,0.5,-56.02811771261741,-1.8261225499384925,-4.435169363990029,180,65000
cf1_sim,8.559999999999906,0.49182474346131067,0.12298480966259168,0.4,-1.8199999999999885,0.5136838326683496,0.3007740916241896,0.0,0.8065242967645927,0.4944842509899195,0.5,-105.61320382270306,-1.4752517314241806,-4.609562601379382,180,65000
cf1_sim,8.579999999999906,0.5017860943897863,0.1291113020039695,0.4,-5.4200000000000195,0.4980675464237791,0.3063246170688919,0.0,0.7982020376698036,0.5032166358796146,0.5,-129.33493242192108,-1.1099454027902982,-4.747581304650542,180,65000
cf1_sim,8.599999999999905,0.5114309329619674,0.13534418295844722,0.4,-9.02,0.4822419286090567,0.31164404772388593,0.0,0.7897432758244186,0.5117895717857774,0.5,-139.03592660730354,-0.7340291680034174,-4.84876374643284,180,65000
cf1_sim,8.619999999999905,0.5207556836563607,0.1416787760979209,0.4,-12.619999999999978,0.46623753471966306,0.3167296569736842,0.0,0.7811511831818705,0.5202005429587657,0.5,-143.7911449249984,-0.35124785394505714,-4.912989024320892,180,65000
cf1_sim,8.639999999999905,0.5297573446923133,0.14811035813307347,0.4,-16.22000000000001,0.4500830517976259,0.3215791017576286,0.0,0.7724289804622428,0.5284470973640667,0.5,-146.4299336363931,0.03475790492230639,-4.940459570235137,180,65000
cf1_sim,8.659999999999904,0.5384334527696687,0.15463416615600423,0.4,-19.81999999999999,0.43380540386777233,0.32619040114653824,0.0,0.7635799358694262,0.5365268476402715,0.5,-147.99229304183737,0.4204730866047579,-4.931682640593676,180,65000
cf1_sim,8.679999999999904,0.5467820498049867,0.16124540447815308,0.4,-23.42000000000002,0.41742985176589853,0.33056191610744323,0.0,0.754607363789392,0.5444374720312098,0.5,-148.93636039408133,0.8025277141117151,-4.887450944776789,180,65000
cf1_sim,8.699999999999903,0.5548016515578028,0.167939251086011,0.4,-27.02,0.40098008764080695,0.334692330392895,0.0,0.7455146234701124,0.5521767152918706,0.5,-149.4927963529075,1.1777143162139736,-4.808822562844277,180,65000
cf1_sim,8.719999999999903,0.5624912180457715,0.17471086373590172,0.4,-30.62000000000003,0.3844783243984345,0.33858063249453646,0.0,0.7363051176836456,0.5597423895677469,0.5,-149.78970285313412,1.5430034394499328,-4.6971002969103015,180,65000
cf1_sim,8.739999999999903,0.569850125652636,0.1815553857079747,0.4,-34.220000000000006,0.3679453803432257,0.34222609860364844,0.0,0.7269822913709287,0.5671323752472555,0.5,-149.9037013114661,1.8955572410553376,-4.553810594023966,180,65000
cf1_sim,8.759999999999902,0.5768781408378253,0.18846795123846022,0.4,-37.819999999999986,0.35140075925946096,0.34562827652427686,0.0,0.717549630269815,0.5743446217868895,0.5,-149.88334629746615,2.232741198550187,-4.380682171877877,180,65000
cf1_sim,8.779999999999902,0.5835753953610933,0.19544369064820608,0.4,-41.420000000000016,0.334862726163401,0.34878697048729235,0.0,0.7080106595269074,0.5813771485087742,0.5,-149.76085934462384,2.552133977225311,-4.179624472193282,180,65000
cf1_sim,8.799999999999901,0.5899423629400099,0.20247773518453302,0.4,-45.02,0.3183483789458304,0.35170222681634705,0.0,0.6983689422937412,0.5882280453703095,0.5,-149.55844313463646,2.8515355017719255,-3.9527060602296316,180,65000
cf1_sim,8.8199999999999,0.5959798372622868,0.20956522159251662,0.4,-48.62000000000003,0.30187371611384245,0.3543743203991799,0.0,0.6886280783078793,0.5948954737055888,0.5,-149.29188211295403,3.128973282829455,-3.7021330825516268,180,65000
cf1_sim,8.8399999999999,0.6016889112788965,0.21670129643091834,0.4,-52.220000000000006,0.2854537008304862,0.3568037419200861,0.0,0.6787917024594848,0.6013776669383014,0.5,-148.9726968913314,3.3827070533272208,-3.430227888969543,180,65000
cf1_sim,8.8599999999999,0.6070709577077197,0.2238811201471507,0.4,-55.820000000000036,0.2691023214411622,0.3589911858116172,0.0,0.6688634833439475,0.6076729312658318,0.5,-148.60948663902198,3.6112317731983627,-3.139407918454373,180,65000
cf1_sim,8.8799999999999,0.6121276106810475,0.231099870924865,0.4,-59.42000000000002,0.25283264866639094,0.36093753888571556,0.0,0.6588471218011395,0.6137796463142832,0.5,-148.2087949697876,3.8132790643823973,-2.8321649428226396,180,65000
cf1_sim,8.899999999999899,0.6168607484736827,0.23835274831699552,0.4,-63.019999999999996,0.2366568896317574,0.36264386960652617,0.0,0.6487463494418867,0.6196962657641647,0.5,-147.77568541474113,3.987817141034058,-2.511044756086675,180,65000
cf1_sim,8.919999999999899,0.6212724772516315,0.2456349766763767,0.4,-66.62000000000003,0.22058643889744173,0.3641114179690598,0.0,0.6385649271622444,0.6254213179464914,0.5,-147.3141339885191,4.13404930254792,-2.1786273915736984,180,65000
cf1_sim,8.939999999999898,0.6253651157844666,0.2529418083953712,0.4,-70.22000000000001,0.2046319266417554,0.3653415859497266,0.0,0.628306643646171,0.6309534064090595,0.5,-146.82730319921882,4.251411059413473,-1.83750794322745,180,65000
cf1_sim,8.959999999999898,0.6291411810673766,0.26026852696530134,0.4,-73.81999999999998,0.18880326414549697,0.3663359284965063,0.0,0.6179753138571978,0.6362912104526716,0.5,-146.3177372381299,4.339565964054511,-1.4902780619148035,180,65000
cf1_sim,8.979999999999897,0.6326033748017107,0.26761044986586513,0.4,-77.42000000000002,0.17310968671670354,0.3670961450281893,0.0,0.6075747775197011,0.6414334856370971,0.5,-145.7875035715731,4.398400220697577,-1.1395081920608632,180,65000
cf1_sim,8.999999999999897,0.6357545706854804,0.2749629312941392,0.4,-81.02,0.15755979418848454,0.3676240714137033,0.0,0.5971088975903796,0.646379064256567,0.5,-145.23829734276546,4.428016149971561,-0.7877306085224097,180,65000
cf1_sim,9.019999999999897,0.6385978024678017,0.28232136474222014,0.4,-84.61999999999998,0.14216158911606877,0.36792167240404716,0.0,0.5865815587205508,0.6511268557846114,0.5,-144.67151949541037,4.428724585376673,-0.4374233082750416,180,65000
cf1_sim,9.039999999999896,0.6411362527236608,0.2896811854320358,0.4,-88.22000000000001,0.12692251279295544,0.3679910344907844,0.0,0.5759966657098824,0.6556758472880655,0.5,-144.08833602128533,4.4010362799851315,-0.0909948062260877,180,65000
cf1_sim,9.059999999999896,0.6433732423076632,0.29703787261536396,0.4,-91.82,0.11184947920012296,0.36783435916640883,0.0,0.5653581419521733,0.6600251038100757,0.5,-143.48972344472162,4.345652402755967,0.2492301207328299,180,65000
cf1_sim,9.079999999999895,0.6453122204475952,0.3043869517466278,0.4,-95.41999999999996,0.09694890699659846,0.36745395656319,0.0,0.5546699278738095,0.664173768721956,0.5,-142.8765041340302,4.263454204666479,0.5810237024594559,180,65000
cf1_sim,9.099999999999895,0.6469567554406814,0.31172399653559446,0.4,-99.01999999999994,0.08222674965431472,0.3668522394483346,0.0,0.5439359793655171,0.6681210640437523,0.5,-142.24937399881034,4.155491935486862,0.9022674231931952,180,65000
cf1_sim,9.119999999999894,0.6483105259173827,0.31904463088668383,0.4,-102.61999999999999,0.0676885238350652,0.36603171755446956,0.0,0.5331602662080397,0.6718662907333883,0.5,-141.60892442245654,4.022973092452904,1.2109632192366544,180,65000
cf1_sim,9.139999999999894,0.6493773126394327,0.3263445307311951,0.4,-106.21999999999996,0.05333933610250004,0.36499499222556414,0.0,0.5223467704923709,0.6754088289442783,0.5,-140.95565978344678,3.8672500823246723,1.505243602829832,174,65000
cf1_sim,9.159999999999894,0.6501609908005821,0.33361942575838444,0.4,-109.7,0.039183908057474424,0.36374475135946466,0.0,0.5114994850351716,0.6787481382513012,0.5,-140.29001156787066,3.6935343867632455,1.7756488730681736,153,65000
cf1_sim,9.179999999999893,0.6506655228001952,0.3408651010509688,0.4,-112.75999999999996,0.025226599980654414,0.36228376462921796,0.0,0.5006224117900081,0.6818837578450512,0.5,-139.61234982375598,3.5155588582901185,2.0034316237908496,134,65000
cf1_sim,9.199999999999893,0.650894951461437,0.34807739863029513,0.4,-115.43999999999994,0.011471433062093169,0.3606148789663165,0.0,0.4897195602550442,0.6848153066942829,0.5,-138.922992524883,3.3380407646392407,2.1938532193487097,117,65000
cf1_sim,9.219999999999892,0.6508533936673071,0.35525221891609315,0.4,-117.78,-0.002077889706497615,0.35874101428990174,0.0,0.47879494587782495,0.6875424836764903,0.5,-138.2222132775438,3.1641278737576517,2.3520216585844986,102,65000
cf1_sim,9.239999999999892,0.6505450343892101,0.3623855221054297,0.4,-119.81999999999998,-0.015417963904850247,0.3566651594668262,0.0,0.46785258845778976,0.690065067676564,0.5,-137.510247704154,2.995701013994734,2.4827271967328723,88,65000
cf1_sim,9.259999999999891,0.6499741210841241,0.3694733294751955,0.4,-121.57999999999997,-0.02854566525429547,0.3543903684882923,0.0,0.45689651054715397,0.6923829176534927,0.5,-136.78729876308276,2.834542531903617,2.589363195769678,76,65000
cf1_sim,9.279999999999891,0.6491449584377225,0.3765117246121868,0.4,-123.09999999999998,-0.04145813232007978,0.3519197568495639,0.0,0.4459307358507976,0.6944959726750779,0.5,-136.0535412077402,2.6808433151233744,2.676027548062055,65,65000
cf1_sim,9.29999999999989,0.6480619034320381,0.3834968545745865,0.4,-124.39999999999999,-0.05415275028422178,0.3492564981199858,0.0,0.43495928762580155,0.6964042519206524,0.5,-135.3091253450428,2.535123660453288,2.745466227205548,55,65000
cf1_sim,9.31999999999989,0.6467293607174303,0.39042493098841147,0.4,-125.49999999999997,-0.0666271357303895,0.3464038206912486,0.0,0.423986187081271,0.6981078546517984,0.5,-134.55418022040578,2.3975109487679003,2.8001668490047806,45,65000
cf1_sim,9.33999999999989,0.6451517782697256,0.3972922310822615,0.4,-126.39999999999998,-0.07887912238523431,0.34336500469250203,0.0,0.4130154517790858,0.6996069601510817,0.5,-133.7888163308973,2.26881578970961,2.841568867577334,37,65000
cf1_sim,9.35999999999989,0.6433336433144571,0.40409509866349264,0.4,-127.13999999999993,-0.09090674776342654,0.3401433790615555,0.0,0.40205109403621797,0.7009018276288231,0.5,-133.01312794829903,2.147648173798987,2.8725342632812785,29,65000
cf1_sim,9.379999999999889,0.6412794785011309,0.4108299450387327,0.4,-127.72,-0.10270824066630903,0.3367423187620038,0.0,0.39109711932925395,0.7019927960979467,0.5,-132.22719511821168,2.034409077264701,2.894100400389859,23,65000
cf1_sim,9.399999999999888,0.6389938383113983,0.41749324988146647,0.4,-128.17999999999995,-0.114282009486626,0.33316524213668886,0.0,0.3801575247017601,0.7028802842169561,0.5,-131.43108538901797,1.9273579896731314,2.908587739429275,16,65000
cf1_sim,9.419999999999888,0.6364813056859143,0.42408156204923547,0.4,-128.49999999999994,-0.12562663127419998,0.32941560838845074,0.0,0.36923629717512924,0.7035647901011008,0.5,-130.62485531472353,1.827690895405493,2.9160572572475107,11,65000
cf1_sim,9.439999999999888,0.6337464888555198,0.43059150035282817,0.4,-128.71999999999994,-0.13674084151972718,0.3254969151796355,0.0,0.35833741216354104,0.7040468911018091,0.5,-129.8085517678695,1.7334925176361045,2.9184749876026057,5,65000
cf1_sim,9.459999999999887,0.6307940183631988,0.43701975427967454,0.4,-128.81999999999994,-0.14762352461604547,0.3214126963423177,0.0,0.34746483189367355,0.7043272435544767,0.5,-128.9822130924236,1.6458473899006554,2.915782273257377,1,65000
cf1_sim,9.479999999999887,0.6276285442640327,0.4433630846735077,0.4,-128.83999999999997,-0.15827370495830656,0.3171665196916591,0.0,0.3366225038297943,0.7044065824947127,0.5,-128.14587012147675,1.5627500111916806,2.909640661283516,-3,65000
cf1_sim,9.499999999999886,0.6242547334911035,0.44961832437221305,0.4,-128.77999999999997,-0.1686905386464577,0.31276198493526586,0.0,0.32581435910486295,0.7042857213431548,0.5,-127.29954708044868,1.4842096391569446,2.9004146081104745,-7,65000
cf1_sim,9.519999999999886,0.6206772673759972,0.4557823788056496,0.4,-128.64,-0.17887330575531585,0.3082027216718257,0.0,0.3150443109582718,0.703965551558984,0.5,-126.4432623931427,1.4102168496906848,2.888446502275309,-11,65000
cf1_sim,9.539999999999885,0.6169008393132112,0.46185222655510366,0.4,-128.42,-0.18882140313930174,0.3034923874727025,0.0,0.30431625318084926,0.7034470422622743,0.5,-125.57702940523225,1.3407461446121995,2.8740566088889197,-14,65000
cf1_sim,9.559999999999885,0.6129301525583992,0.4678249198759145,0.4,-128.13999999999996,-0.1985343377405971,0.29863466604054356,0.0,0.29363405856774716,0.7027312398253318,0.5,-124.70085703749216,1.2747608212198724,2.857988315065865,-17,65000
cf1_sim,9.579999999999885,0.6087699181509771,0.47369758518470073,0.4,-127.79999999999998,-0.2080117203711014,0.29363326543931195,0.0,0.2830015773798318,0.7018192674331849,0.5,-123.81475037920963,1.21222909328872,2.8404536036464756,-20,65000
cf1_sim,9.599999999999884,0.6044248529521752,0.47946742351251065,0.4,-127.39999999999996,-0.21725325994009687,0.28849191639049576,0.0,0.27242263581419235,0.7007123246134038,0.5,-122.91871123065036,1.1531127860555683,2.8216511292223854,-22,65000
cf1_sim,9.619999999999884,0.5998996777901554,0.48513171092512203,0.4,-126.95999999999998,-0.22625875810098695,0.28321437063056776,0.0,0.2619010344843799,0.6994116867354365,0.5,-122.01273860215409,1.0963903972663804,2.8021493105876347,-25,65000
cf1_sim,9.639999999999883,0.5951991157043183,0.4906877989116235,0.4,-126.45999999999997,-0.23502810429185875,0.2778043993250743,0.0,0.25144054691098283,0.697918704479663,0.5,-121.09682917634262,1.0430067360581126,2.7817009924957774,-27,65000
cf1_sim,9.659999999999883,0.5903278902813995,0.49613311474232397,0.4,-125.91999999999994,-0.24356127114593465,0.2722657915350222,0.0,0.2410449180231434,0.6962348032763802,0.5,-120.17097773900669,0.9919480351560969,2.760816088980147,-29,65000
cf1_sim,9.679999999999882,0.5852907240764149,0.5014651617969541,0.4,-125.33999999999999,-0.25185831024922967,0.26660235273150634,0.0,0.23071786267161448,0.6943614827149422,0.5,-119.2351775834576,0.9431841226129604,2.7395956315297956,-31,65000
cf1_sim,9.699999999999882,0.5800923371119365,0.5066815198640497,0.4,-124.71999999999998,-0.2599193482239189,0.26081790335478144,0.0,0.22046306415394978,0.6923003159232936,0.5,-118.28942089247502,0.8966837924852212,2.7181342604036587,-32,65000
cf1_sim,9.719999999999882,0.5747374454495956,0.5117798454123343,0.4,-124.07999999999997,-0.2677445831170485,0.2549162774142277,0.0,0.21028417275241895,0.6900529489181434,0.5,-117.3336991014129,0.85147384077981,2.6968177625252405,-34,65000
cf1_sim,9.739999999999881,0.5692307598280897,0.5167578718348522,0.4,-123.39999999999996,-0.27533428107529695,0.24890132112589497,0.0,0.20018480428523097,0.6876210999260411,0.5,-116.3680032455436,0.8084783760589336,2.675401377826952,-35,65000
cf1_sim,9.75999999999988,0.5635769843623395,0.5216134096665428,0.4,-122.69999999999996,-0.2826887732875112,0.24277689158453125,0.0,0.1901685386716446,0.6850065586756264,0.5,-115.392324294302,0.7667386286896071,2.654231573757176,-37,65000
cf1_sim,9.77999999999988,0.5577808152987852,0.526344346775887,0.4,-121.95999999999995,-0.28980845317771303,0.23654685546721013,0.0,0.18023891851154122,0.6822111856613355,0.5,-114.40665347472483,0.7271636769928296,2.6330860734147796,-38,65000
cf1_sim,9.79999999999988,0.5518469398221414,0.5309486485312045,0.4,-121.2,-0.29669377383218903,0.2302150877658735,0.0,0.17039944768002613,0.6792369113788614,0.5,-113.41098258606405,0.6888097113793171,2.6122748606332014,-39,65000
cf1_sim,9.81999999999988,0.5457800349092383,0.5354243579421303,0.4,-120.41999999999993,-0.30334524564515203,0.22378547054629186,0.0,0.16065358993762147,0.6760857355326705,0.5,-112.40530430726798,0.6516668559253171,2.591823789316662,-40,65000
cf1_sim,9.839999999999879,0.5395847662258725,0.5397695957767528,0.4,-119.62,-0.309763434168293,0.21726189173112448,0.0,0.15100476755660508,0.672759726215898,0.5,-111.38961249877829,0.6157252824142858,2.5717567014158873,-41,65000
cf1_sim,9.859999999999879,0.5332657870628659,0.5439825606548514,0.4,-118.79999999999993,-0.3159489581503295,0.21064824390492995,0.0,0.14145635996404637,0.6692610190629453,0.5,-110.36390249986022,0.5809752593438624,2.5520954928718536,-42,65000
cf1_sim,9.879999999999878,0.5268277373077977,0.5480615291176342,0.4,-117.96,-0.32190248775340696,0.20394842313913825,0.0,0.13201170240207932,0.6655918163751244,0.5,-109.32817142248462,0.5474071957440856,2.5328601767608627,-43,65000
cf1_sim,9.899999999999878,0.5202752424491194,0.5520048556743371,0.4,-117.09999999999994,-0.32762474293392035,0.1971663278351465,0.0,0.12267408460595025,0.6617543862196937,0.5,-108.28241844259206,0.5150116801236976,2.51406894369041,-44,65000
cf1_sim,9.919999999999877,0.5136129126095994,0.555810972826014,0.4,-116.21999999999998,-0.3331164919759982,0.1903058575838438,0.0,0.11344674950036754,0.6577510615026514,0.5,-107.22664508939651,0.483779514840846,2.49573821950145,-45,65000
cf1_sim,9.939999999999877,0.5068453416062687,0.5594783910668141,0.4,-115.31999999999995,-0.33837855016653434,0.18337091204000625,0.0,0.10433289191467465,0.6535842390156543,0.5,-106.16085553322947,0.4537017461744439,2.477882720338296,-46,65000
cf1_sim,9.959999999999877,0.4999771060342435,0.5630056988630167,0.4,-114.39999999999996,-0.34341177860126104,0.17636538981013153,0.0,0.09533565731736077,0.6492563784574452,0.5,-105.0850568722705,0.42476969035404616,2.4605155051519567,-47,65000
cf1_sim,9.979999999999876,0.4930127643720048,0.5663915626100647,0.4,-113.45999999999998,-0.34821708311193506,0.16929318735240315,0.0,0.08645814057041429,0.644770001430181,0.5,-103.99925941837284,0.3969749557885583,2.4436480257067386,-47,65000
cf1_sim,9.999999999999876,0.4859568561058996,0.5696347265678166,0.4,-112.51999999999997,-0.3527954133052592,0.16215819788758928,0.0,0.07770338470401644,0.640127690411062,0.5,-102.90347698205261,0.36946215506554514,2.4274192886689647,-48,65000
cf1_sim,10.019999999999875,0.478813900871806,0.5727340127742123,0.4,-111.55999999999997,-0.35714776170468227,0.1549643103197892,0.0,0.06907437971206704,0.6353320876996764,0.5,-101.79772715658198,0.3430818596949625,2.4116904323318633,-49,65000
cf1_sim,10.039999999999875,0.47158839761207166,0.5756883209375332,0.4,-110.57999999999994,-0.36127516298671514,0.14771540816604256,0.0,0.06057406136902077,0.6303858943414795,0.5,-100.6820316009999,0.31782611239090797,2.3964695352296546,-49,65000
cf1_sim,10.059999999999874,0.4642848237459942,0.5784966283074114,0.4,-109.59999999999995,-0.36517869330387237,0.14041536849391326,0.0,0.052205310068510036,0.6252918690278398,0.5,-99.55641632173288,0.2928558846616044,2.3818656061154675,-50,65000
cf1_sim,10.079999999999874,0.45690763435225834,0.5811579895247364,0.4,-108.59999999999997,-0.36885946968679345,0.13306806086625017,0.0,0.04397094968421572,0.6200528269730927,0.5,-98.420911952397,0.2690051897376465,2.367765145800517,-51,65000
cf1_sim,10.099999999999874,0.4494612613618879,0.5836715364505847,0.4,-107.57999999999998,-0.3723186495185219,0.12567734629241387,0.0,0.03587374645344388,0.6146716387690498,0.5,-97.27555403124163,0.24626656988279158,2.3541731856974772,-52,65000
cf1_sim,10.119999999999873,0.44195011276040147,0.5860364779742915,0.4,-106.53999999999998,-0.37555743007432296,0.11824707618533838,0.0,0.027916407883852024,0.6091512292174255,0.5,-96.12038327557775,0.22463291996332024,2.341093418684896,-52,65000
cf1_sim,10.139999999999873,0.43437857179798545,0.588252099800769,0.4,-105.49999999999994,-0.3785770481208017,0.11078109132387418,0.0,0.020101581683764247,0.6034945761406441,0.5,-94.95544585242975,0.20328466852693552,2.3285993348077962,-53,65000
cf1_sim,10.159999999999872,0.42675099620661655,0.5903177642171675,0.4,-104.43999999999996,-0.38137877956844524,0.10328322081992992,0.0,0.012431854716500712,0.5977047091715079,0.5,-93.78079364454244,0.18303663700302328,2.316607093808085,-53,65000
cf1_sim,10.179999999999872,0.4190717174231754,0.5922329098389675,0.4,-103.37999999999998,-0.38396393917205796,0.09575728108999845,0.0,0.004909751979141397,0.5917847085222088,0.5,-92.59648451077294,0.16307760656164996,2.305174776941026,-54,65000
cf1_sim,10.199999999999871,0.41134503981769777,0.5939970513355818,0.4,-102.29999999999995,-0.38633388027388266,0.08820707483071615,0.0,-0.0024622643938697064,0.5857377037331751,0.5,-91.40258253980552,0.14421366128403296,2.2942322228138923,-54,65000
cf1_sim,10.219999999999871,0.4035752399260075,0.595609779135545,0.4,-101.21999999999997,-0.38848999458451217,0.08063638999816466,0.0,-0.009681796101880358,0.5795668724022572,0.5,-90.19915829603084,0.12564121576516954,2.2838231663841646,-55,65000
cf1_sim,10.23999999999987,0.3957665656860678,0.5970707591113587,0.4,-100.11999999999998,-0.3904337119969883,0.07304899879068028,0.0,-0.01674650962355817,0.5732754388947587,0.5,-88.98628905635269,0.10815837027946965,2.273890246459655,-56,65000
cf1_sim,10.25999999999987,0.3879232356774725,0.5983797322440584,0.4,-98.99999999999996,-0.3921665004297641,0.06544865663498893,0.0,-0.023654137136412845,0.5668666730348305,0.5,-87.76405903660358,0.09175892015856317,2.264432010130017,-56,65000
cf1_sim,10.27999999999987,0.3800494383635831,0.599536514267569,0.4,-97.87999999999997,-0.3936898656944699,0.05783910117553479,0.0,-0.030402477409946338,0.5603438887787513,0.5,-86.53255960618587,0.07564969440642155,2.2554724166043116,-57,65000
cf1_sim,10.29999999999987,0.3721493313358896,0.6005409952929074,0.4,-96.74,-0.3950053513846745,0.050224051266916404,0.0,-0.03698939667207213,0.5537104428706261,0.5,-85.2918894894924,0.06061840047341796,2.2469710073861218,-57,65000
cf1_sim,10.319999999999869,0.36422704056024824,0.6013931394122951,0.4,-95.59999999999997,-0.3961145387820701,0.04260720596938816,0.0,-0.043412829448458756,0.5469697334810404,0.5,-84.04215495261468,0.04587780680713758,2.2389402740067124,-58,65000
cf1_sim,10.339999999999868,0.3562866596247135,0.6020929842832436,0.4,-94.43999999999993,-0.39701904677673655,0.03499224354742571,0.0,-0.04967077937446229,0.5401251988292153,0.5,-82.78346997380741,0.03220937047247235,2.231350063140533,-58,65000
cf1_sim,10.359999999999868,0.34833224898874643,0.6026406406926714,0.4,-93.27999999999996,-0.3977205317983536,0.027382820471391595,0.0,-0.05576131997932193,0.5331803157892148,0.5,-81.51595639615647,0.01883116695910469,2.224202415680647,-59,65000
cf1_sim,10.379999999999868,0.3403678352336378,0.6030362921011189,0.4,-92.09999999999998,-0.3982206877554328,0.019782570422373504,0.0,-0.0616825954423077,0.5261385984807642,0.5,-80.23974406088468,0.00651905439071743,2.2174765901472573,-59,65000
cf1_sim,10.399999999999867,0.3323974103140411,0.6032801941671249,0.4,-90.91999999999994,-0.3985212459798346,0.012195103300300193,0.0,-0.06743282132051559,0.5190035968452423,0.5,-78.95497091973675,-0.00550418621989162,2.2111651823870795,-60,65000
cf1_sim,10.419999999999867,0.32442493081056073,0.6033726742518343,0.4,-89.71999999999991,-0.3986239751740172,0.004624004235471293,0.0,-0.0730102852480215,0.5117788952074187,0.5,-77.66178312490594,-0.01646767791085284,2.2052559672677656,-60,65000
cf1_sim,10.439999999999866,0.31645431718338796,0.6033141309039076,0.4,-88.51999999999994,-0.3985306813586379,-0.0029271673963342307,0.0,-0.07841334760611351,0.504468110823511,0.5,-76.36033509500164,-0.027144503935997204,2.1997330896202354,-61,65000
cf1_sim,10.459999999999866,0.30848945302702213,0.603105033324808,0.4,-87.29999999999997,-0.3982432078182921,-0.010454878954979452,0.0,-0.08364044216433564,0.4970748924161442,0.5,-75.05078955561629,-0.036768184969251695,2.194591944480118,-61,65000
cf1_sim,10.479999999999865,0.30053418432615553,0.6027459208145459,0.4,-86.07999999999993,-0.3977634350433303,-0.017955625513104603,0.0,-0.0886900766920854,0.48960291869679723,0.5,-73.73331755312142,-0.04610820591140187,2.1898092079875724,-62,65000
cf1_sim,10.499999999999865,0.2925923187128387,0.6022374021979652,0.4,-84.83999999999992,-0.39709328066584126,-0.02542593082903707,0.0,-0.09356083354052319,0.48205589687632966,0.5,-72.40809844041917,-0.05440193626993296,2.185386999863202,-62,65000
cf1_sim,10.519999999999865,0.2846676247250781,0.6015801552316609,0.4,-83.59999999999995,-0.3962346993880299,-0.0328623483152162,0.0,-0.09825137019455965,0.4744375611641837,0.5,-71.07531983348694,-0.062415767029515574,2.1812954980061248,-63,65000
cf1_sim,10.539999999999864,0.2767638310670511,0.6007749259916237,0.4,-82.33999999999996,-0.3951896829013505,-0.04026146200185364,0.0,-0.10276041979470019,0.4667516712568627,0.5,-69.7351775376844,-0.06939040281821822,2.1775426533090707,-63,65000
cf1_sim,10.559999999999864,0.26888462587115347,0.5998225282417131,0.4,-81.07999999999994,-0.39396025979488275,-0.04761988749553222,0.0,-0.10708679162854035,0.4590020108162911,0.5,-68.38787544294352,-0.07608961179235019,2.174093103813685,-63,65000
cf1_sim,10.579999999999863,0.26103365596212236,0.5987238427830646,0.4,-79.81999999999992,-0.39254849545155635,-0.05493427293242997,0.0,-0.11122937159171309,0.4511923859386652,0.5,-67.03362538712933,-0.08251475826201853,2.170931070398769,-64,65000
cf1_sim,10.599999999999863,0.2532145261235035,0.5974798167845478,0.4,-78.53999999999995,-0.39095649193094323,-0.062201299925841336,0.0,-0.1151871226181066,0.4433266236144065,0.5,-65.67264698704598,-0.0879108215202188,2.168072055248249,-64,65000
cf1_sim,10.619999999999862,0.2454307983667546,0.5960914630943946,0.4,-77.25999999999992,-0.38918638783744436,-0.069417684507654,0.0,-0.1189590850791784,0.43540857017983625,0.5,-64.30516743676188,-0.09303857866442372,2.165474230557826,-65,65000
cf1_sim,10.639999999999862,0.23768599120329864,0.5945598595331261,0.4,-75.95999999999995,-0.38724035817279856,-0.07658017806342785,0.0,-0.12254437715220967,0.42744208976118814,0.5,-62.93142127314476,-0.09714520927861506,2.163156970965861,-65,65000
cf1_sim,10.659999999999862,0.22998357891985988,0.5928861481679119,0.4,-74.65999999999994,-0.3851206141719376,-0.08368556826071172,0.0,-0.1259421951573485,0.41943106271158437,0.5,-61.55165010872311,-0.10098986797760383,2.161074982495114,-66,65000
cf1_sim,10.679999999999861,0.22232699085743382,0.5910715345685074,0.4,-73.33999999999997,-0.38282940312130326,-0.09073067997022365,0.0,-0.12915181386331265,0.4113793840415998,0.5,-60.16610233222938,-0.10382154721192996,2.159250632962356,-66,65000
cf1_sim,10.69999999999986,0.21471961069425727,0.5891172870449172,0.4,-72.01999999999995,-0.38036900815882757,-0.0977123761795122,0.0,-0.1321725867616252,0.40329096184404145,0.5,-58.77503277742263,-0.10639813040031426,2.1576360772004093,-66,65000
cf1_sim,10.71999999999986,0.20716477573316006,0.587024735866943,0.4,-70.69999999999997,-0.37774174805486044,-0.10462755889870881,0.0,-0.13500394630927748,0.39516971571357573,0.5,-57.37870236104028,-0.10872273896284677,2.1562179839316484,-67,65000
cf1_sim,10.73999999999986,0.19966577619369194,0.5847952724657836,0.4,-69.35999999999997,-0.3749499769734055,-0.11147317005797441,0.0,-0.13764540413972048,0.3870195751618343,0.5,-55.97737769097766,-0.11004654865322248,2.1550220362670163,-67,65000
cf1_sim,10.75999999999986,0.19222585450942997,0.5824303486178588,0.4,-68.01999999999994,-0.3719960842130988,-0.11824619239623851,0.0,-0.1400965512421014,0.378844478028634,0.5,-54.57133064604371,-0.11112620840628591,2.1539983101955826,-67,65000
cf1_sim,10.779999999999859,0.18484820463088128,0.5799314756110423,0.4,-66.67999999999992,-0.368882493927435,-0.12494365034082408,0.0,-0.14235705810867433,0.3706483688899461,0.5,-53.16083792888682,-0.11196548012183768,2.1531346207736197,-68,65000
cf1_sim,10.799999999999859,0.17753597133440507,0.5773002233934913,0.4,-65.31999999999996,-0.36561166482381025,-0.13156261087754784,0.0,-0.14442667485032573,0.36243519746325215,0.5,-51.74618059392085,-0.11181702394156148,2.1524584090939167,-68,65000
cf1_sim,10.819999999999858,0.17029224953758476,0.5745382197052736,0.4,-63.959999999999944,-0.3621860898410153,-0.13810018441088306,0.0,-0.1463052312801701,0.35420891701092544,0.5,-50.32764355230637,-0.11143679540462789,2.151919246106337,-68,65000
cf1_sim,10.839999999999858,0.16312008362148736,0.5716471491929982,0.4,-62.59999999999997,-0.3586082958048698,-0.1445535256137694,0.0,-0.14799263696518133,0.34597348274227613,0.5,-48.90551505625354,-0.11082908383721679,2.151506083240382,-68,65000
cf1_sim,10.859999999999857,0.15602246676025244,0.5686287525076651,0.4,-61.23999999999996,-0.3548808430617454,-0.15091983426665345,0.0,-0.14948888124584075,0.3377328502148998,0.5,-47.4800861651068,-0.10999837211535912,2.15120832499992,-69,65000
cf1_sim,10.879999999999857,0.14900234025845688,0.5654848253859582,0.4,-59.85999999999994,-0.3510063250897778,-0.15719635608534271,0.0,-0.15079403322379398,0.3294909737359704,0.5,-46.05165019584084,-0.10819846399915099,2.151053722026152,-69,65000
cf1_sim,10.899999999999856,0.1420625928967045,0.5622172177152132,0.4,-58.479999999999926,-0.3469873680876191,-0.16338038353725606,0.0,-0.15190824171752149,0.3212518047641157,0.5,-44.62050216075167,-0.10618507825649046,2.150993522369703,-69,65000
cf1_sim,10.919999999999856,0.13520606028589197,0.5588278325823001,0.4,-57.09999999999996,-0.34282663054062723,-0.16946925664565435,0.0,-0.15283173518604176,0.313019290312516,0.5,-43.18693819524552,-0.10396307274807653,2.1510182310647754,-70,65000
cf1_sim,10.939999999999856,0.12843552423060325,0.5553186253066713,0.4,-55.699999999999946,-0.33852680276443614,-0.17546036378143606,0.0,-0.15356482162067775,0.3047973713538654,0.5,-41.751254978727125,-0.10078654848216512,2.1511540970589915,-70,65000
cf1_sim,10.959999999999855,0.12175371210208542,0.5516916024578296,0.4,-54.29999999999993,-0.3340906064258917,-0.18135114244208517,0.0,-0.15410788840492984,0.29658998122783337,0.5,-40.3137491516558,-0.09741136829413542,2.1513550745052155,-70,65000
cf1_sim,10.979999999999855,0.11516329622125786,0.5479488208574823,0.4,-52.89999999999997,-0.3295207940413783,-0.18713908001736043,0.0,-0.15446140214251258,0.2884010440516641,0.5,-38.87471673187412,-0.09384267231264114,2.1516127368143514,-70,65000
cf1_sim,10.999999999999854,0.10866689325220587,0.5440923865666559,0.4,-51.49999999999995,-0.32482014845259966,-0.1928217145413186,0.0,-0.15462590845362373,0.2802344731345502,0.5,-37.43445253332107,-0.09008569330747171,2.151919071539582,-70,65000
cf1_sim,11.019999999999854,0.1022670636066076,0.5401244538580505,0.4,-50.09999999999994,-0.31999148227991314,-0.1983966354302676,0.0,-0.15460203173952825,0.2720941693964155,0.5,-35.993249590216344,-0.0861457409188202,2.1522664715722,-71,65000
cf1_sim,11.039999999999853,0.0959663108595406,0.5360472241739256,0.4,-48.67999999999997,-0.3150376373533503,-0.2038614842062493,0.0,-0.1543904749155508,0.26398401979173874,0.5,-34.55139858974885,-0.08127676586051041,2.152676228149504,-71,65000
cf1_sim,11.059999999999853,0.08976708117711084,0.5318629450698125,0.4,-47.25999999999996,-0.3099614841214885,-0.2092139552056569,0.0,-0.1539920191125852,0.2559078957390503,0.5,-33.10918731621654,-0.07623531414340454,2.153109758057201,-71,65000
cf1_sim,11.079999999999853,0.08367176275634344,0.5275739091443605,0.4,-45.83999999999995,-0.3047659210383694,-0.21445179627259514,0.0,-0.15340752334723934,0.24786965155672966,0.5,-31.666900109452474,-0.07102681916392821,2.153560440003958,-71,65000
cf1_sim,11.099999999999852,0.0776826852777697,0.5231824529556286,0.4,-44.41999999999994,-0.2994538739286874,-0.21957280943659915,0.0,-0.15263792416074945,0.23987312290573007,0.5,-30.22481734023375,-0.06565674420322405,2.1540220280222715,-71,65000
cf1_sim,11.119999999999852,0.07180211937113971,0.5186909559241419,0.4,-42.99999999999997,-0.294028295331499,-0.22457485157433088,0.0,-0.15168423522680713,0.23192212523985362,0.5,-28.78321490520467,-0.06013056968861667,2.154488641640922,-71,65000
cf1_sim,11.139999999999851,0.06603227609468512,0.5141018392230443,0.4,-41.579999999999956,-0.2884921638227298,-0.22945583505488035,0.0,-0.15054754692845745,0.22402045226419698,0.5,-27.342363743661558,-0.05445378115679075,2.154954755919242,-71,65000
cf1_sim,11.159999999999851,0.060375306428349554,0.5094175646556782,0.4,-40.15999999999995,-0.2828484833167782,-0.23421372836830368,0.0,-0.14922902590423714,0.21617187440238445,0.5,-25.902529378340585,-0.04863185790063066,2.1554151913724686,-71,65000
cf1_sim,11.17999999999985,0.054833300781398774,0.5046406335209375,0.4,-38.73999999999993,-0.27710028234753886,-0.2388465567370377,0.0,-0.1477299145637354,0.2083801372732026,0.5,-24.463971482131843,-0.04267026228122598,2.1558651038157866,-71,65000
cf1_sim,11.19999999999985,0.04940828851481497,0.4997735854667407,0.4,-37.319999999999915,-0.27125061332919015,-0.2433524027098372,0.0,-0.14605153057277132,0.2006489601772451,0.5,-23.026943472406558,-0.03657442968626492,2.1562999741529665,-71,65000
cf1_sim,11.21999999999985,0.04410223747887279,0.4948189973319829,0.4,-35.899999999999956,-0.2653025517971091,-0.24772940673788882,0.0,-0.1441952663083938,0.19298203459417468,0.5,-21.591692134402916,-0.030349759115838076,2.1567155981338533,-72,65000
cf1_sim,11.23999999999985,0.03891705356628686,0.4897794819773277,0.4,-34.459999999999944,-0.25925919562929667,-0.2519757677327625,0.0,-0.14216258828392364,0.18538302269120255,0.5,-20.1584572748673,-0.023248630164481757,2.157116322825173,-72,65000
cf1_sim,11.259999999999849,0.03385458028131258,0.4846576871052103,0.4,-33.01999999999993,-0.25312366424871396,-0.2560897436058704,0.0,-0.1399550365442665,0.1778555558433829,0.5,-18.7274714068932,-0.01602906085772987,2.1574855189244455,-71,65000
cf1_sim,11.279999999999848,0.028916598325173654,0.4794562940694281,0.4,-31.599999999999916,-0.24689909780694633,-0.2600696517891099,0.0,-0.1375742240317409,0.1704032331663145,0.5,-17.298959466649737,-0.009449545182615777,2.157816579841415,-72,65000
cf1_sim,11.299999999999848,0.024104825198181096,0.47417801667470055,0.4,-30.159999999999958,-0.24058865634962784,-0.2639138697363769,0.0,-0.13502183592267386,0.16302962006183688,0.5,-15.873138562442035,-0.0020089551960463803,2.1581152786583275,-71,65000
cf1_sim,11.319999999999848,0.019420914818899623,0.4688255999665877,0.4,-28.73999999999994,-0.23419551896407373,-0.26762083540564363,0.0,-0.13229962893503083,0.1557382467773028,0.5,-14.450217756302456,0.004781053287330062,2.158374800074687,-71,65000
cf1_sim,11.339999999999847,0.014866457160707988,0.4634018190121616,0.4,-27.31999999999993,-0.22772288290958168,-0.2711890477213038,0.0,-0.12940943060735693,0.14853260697900383,0.5,-13.030397878077686,0.011668682574488649,2.1585957870631183,-71,65000
cf1_sim,11.359999999999847,0.01044297790609048,0.45790947767183166,0.4,-25.899999999999917,-0.22117396273087545,-0.27461706701649813,0.0,-0.126353138549319,0.14141615634032018,0.5,-11.613871371753975,0.018649000924207085,2.15877595945603,-71,65000
cf1_sim,11.379999999999846,0.006151938118986942,0.45235140736272883,0.4,-24.47999999999995,-0.2145519893551769,-0.27790351545514036,0.0,-0.12313271966414735,0.13439231114515948,0.5,-10.200822173551135,0.025717168263750857,2.1589132711987387,-71,65000
cf1_sim,11.399999999999846,0.0019947339355188822,0.44673046581406134,0.4,-23.05999999999994,-0.20786020917340298,-0.28104707743337576,0.0,-0.11975020934329045,0.12746444690724407,0.5,-8.791425621121947,0.03286844081046476,2.1590059006750715,-71,65000
cf1_sim,11.419999999999845,-0.0020273037266010235,0.4410495358148571,0.4,-21.639999999999926,-0.20110188310599528,-0.2840464999602115,0.0,-0.11620771063360363,0.12063589700579858,0.5,-7.385848393014087,0.04009817525649097,2.1590522411683315,-71,65000
cf1_sim,11.439999999999845,-0.00591290943967899,0.4353115239545157,0.4,-20.21999999999991,-0.19428028565389832,-0.286900593017069,0.0,-0.11250739337740656,0.11390995133818471,0.5,-5.984248477388777,0.04740183253482318,2.1590508914677136,-71,65000
cf1_sim,11.459999999999845,-0.009660883518383255,0.42951935935659535,0.4,-18.79999999999995,-0.18739870393521324,-0.2896082298960191,0.0,-0.10865149332575236,0.10728985499002186,0.5,-4.58677516884854,0.05477498118446956,2.15900064662933,-71,65000
cf1_sim,11.479999999999844,-0.013270092252544455,0.42367599240626597,0.4,-17.379999999999935,-0.18046043670806003,-0.2921683475164682,0.0,-0.10464231122526602,0.10077880692332641,0.5,-3.193569092099088,0.06221330033235511,2.1589004888999783,-71,65000
cf1_sim,11.499999999999844,-0.016739468120148267,0.4177843934718644,0.4,-15.959999999999923,-0.17346879338019067,-0.29457994672007687,0.0,-0.10048221187891482,0.09437995868319404,0.5,-1.8047622510655976,0.06971258230913956,2.1587495788110638,-71,65000
cf1_sim,11.519999999999843,-0.020068009980266293,0.4118475516209904,0.4,-14.53999999999991,-0.1664270930059013,-0.2968420925437001,0.0,-0.09617362318108968,0.08809641312354377,0.5,-0.420478101994263,0.07726873491580531,2.158547246449066,-71,65000
cf1_sim,11.539999999999843,-0.023254783245682267,0.4058684733315874,0.4,-13.119999999999948,-0.1593386632707988,-0.29895391447015013,0.0,-0.09171903512738155,0.08193122315243245,0.5,0.9591683509981997,0.08487778335753651,2.1582929829083195,-70,65000
cf1_sim,11.559999999999842,-0.026298920034981913,0.3998501811984555,0.4,-11.719999999999931,-0.15220683946498226,-0.3009146066565928,0.0,-0.08712099879945134,0.07588739049744331,0.5,2.334070439517996,0.09178258686968029,2.158018601571085,-70,65000
cf1_sim,11.579999999999842,-0.029199619303886034,0.3937957126356475,0.4,-10.319999999999919,-0.145034963445206,-0.3027234281403988,0.0,-0.08238212532539857,0.06996786449164105,0.5,3.7041296952550704,0.09873293261173222,2.1576968361407016,-70,65000
cf1_sim,11.599999999999842,-0.03195614695561792,0.3877081185752019,0.4,-8.919999999999904,-0.13782638258659452,-0.30437970302228196,0.0,-0.07750508481604568,0.06417554088058164,0.5,5.069255696756018,0.1057252588258661,2.157327655157148,-70,65000
cf1_sim,11.619999999999841,-0.03456783593010762,0.38159046216267056,0.4,-7.519999999999939,-0.13058444872448496,-0.3058828206265671,0.0,-0.0724926052775633,0.05851326065085194,0.5,6.429365900257418,0.11275612578151449,2.1569111510520096,-70,65000
cf1_sim,11.63999999999984,-0.037034086271847136,0.37544581744990174,0.4,-6.119999999999925,-0.1233125170869757,-0.3072322356384416,0.0,-0.0673474715008735,0.05298380888060966,0.5,7.784385456218341,0.11982221607216789,2.156447532786954,-70,65000
cf1_sim,11.65999999999984,-0.039354365176222414,0.3692772680855406,0.4,-4.71999999999991,-0.11601394521876383,-0.3084274682180547,0.0,-0.062072523928273504,0.04758991361258341,0.5,9.134247013168759,0.12692033468539035,2.155937118694701,-69,65000
cf1_sim,11.67999999999984,-0.04152820701415954,0.3630879060037138,0.4,-3.339999999999945,-0.10869209189685622,-0.30946810409133946,0.0,-0.05667065749773542,0.04233424474998343,0.5,10.478890510457395,0.1332950310402409,2.1554269895816547,-69,65000
cf1_sim,11.69999999999984,-0.04355521333493438,0.35688083011136496,0.4,-1.959999999999929,-0.10135031603874198,-0.3103537946174439,0.0,-0.05114482046534358,0.03721941297576559,0.5,11.818262961438922,0.1396961348426784,2.1548757331052015,-69,65000
cf1_sim,11.719999999999839,-0.045435052847006704,0.35065914497471157,0.4,-0.579999999999913,-0.09399197560361602,-0.3110842568326687,0.0,-0.0454980132063425,0.03224796869568075,0.5,13.15231822858868,0.1461208614632069,2.15428397929644,-69,65000
cf1_sim,11.739999999999839,-0.0471674613767516,0.3444259595052952,0.4,0.8000000000000778,-0.08662042648724491,-0.31165927347081923,0.0,-0.03973328699527362,0.02742240100553328,0.5,14.48101679197398,0.15256654596062735,2.1536524372026316,-68,65000
cf1_sim,11.759999999999838,-0.04875224180497295,0.3381843856460974,0.4,2.160000000000078,-0.07923902141106753,-0.31207869295989066,0.0,-0.0338537427656907,0.022745136683060996,0.5,15.804325512445232,0.15827909994952932,2.153037269948807,-68,65000
cf1_sim,11.779999999999838,-0.05018926398109543,0.331937537058197,0.4,3.5200000000000777,-0.07185110880612408,-0.31234242939501755,0.0,-0.02786252984994947,0.018218539204841344,0.5,17.122217390840365,0.16400811073992042,2.152388207785465,-68,65000
cf1_sim,11.799999999999837,-0.05147846461494358,0.32568852780844443,0.4,4.880000000000078,-0.06446003169240713,-0.3124504624876279,0.0,-0.021762844699577344,0.013844907788616245,0.5,18.434671324421725,0.16975130258635932,2.151706176568345,-68,65000
cf1_sim,11.819999999999837,-0.05261984714602816,0.3194404710586293,0.4,6.240000000000079,-0.05706912655422908,-0.312402837490755,0.0,-0.015557929586734187,0.009626476461420008,0.5,19.74167186168783,0.17550651324178856,2.150992155562713,-68,65000
cf1_sim,11.839999999999836,-0.053613481590272155,0.31319647775661996,0.4,7.60000000000008,-0.04968172221219978,-0.31219966510046954,0.0,-0.009251071287284252,0.005565413153882148,0.5,21.04320895662402,0.18127169235789373,2.1502471724845886,-67,65000
cf1_sim,11.859999999999836,-0.05445950436412031,0.3069596553299518,0.4,8.94000000000008,-0.042301138692407855,-0.3118411213334076,0.0,-0.0028455997460082316,0.0016638188210688631,0.5,22.339277723376796,0.18629458103623725,2.1495374587601916,-67,65000
cf1_sim,11.879999999999836,-0.05515811808598827,0.3007331063823442,0.4,10.28000000000008,-0.03493068609339825,-0.3113274473803789,0.0,0.003655113275513183,-0.0020762734097852786,0.5,23.629878192257003,0.1913242032670483,2.14880273790501,-67,65000
cf1_sim,11.899999999999835,-0.055709591355019024,0.29451992739362315,0.4,11.620000000000081,-0.02757366345153772,-0.31065894943605304,0.0,0.010247655567799718,-0.005652899064315209,0.5,24.915015067898786,0.19635886082478468,2.148044160060722,-66,65000
cf1_sim,11.919999999999835,-0.05611425850712619,0.2883232074235285,0.4,12.94000000000008,-0.020233357605358222,-0.3098359985047306,0.0,0.016928575858610517,-0.009064163118500668,0.5,26.194697490323737,0.200647410083061,2.1473330735487544,-66,65000
cf1_sim,11.939999999999834,-0.056372519348315525,0.28214602681988415,0.4,14.260000000000078,-0.012913042059466693,-0.3088590301822178,0.0,0.023694385213765323,-0.01230824076826098,0.5,27.46893879958418,0.2049384399377055,2.1466037682094687,-66,65000
cf1_sim,11.959999999999834,-0.05648483886528768,0.27599145593160745,0.4,15.58000000000008,-0.005615975848607642,-0.30772854441383496,0.0,0.030541558453088036,-0.015383378170861328,0.5,28.737756304586558,0.20923057449349272,2.1458574681701266,-66,65000
cf1_sim,11.979999999999833,-0.05645174691333693,0.2698625538270355,0.4,16.90000000000008,0.0016545975975372149,-0.30644510522859897,0.0,0.03746653558090543,-0.01828789315783247,0.5,30.001171056625825,0.21352253289724357,2.1450954127998587,-66,65000
cf1_sim,11.999999999999833,-0.056273837881572315,0.2637623670180429,0.4,18.22000000000008,0.008895451588230636,-0.30500934044963096,0.0,0.044465723230528276,-0.021020175919119644,0.5,31.259207628093836,0.21781312715816037,2.144318853474776,-65,65000
cf1_sim,12.019999999999833,-0.055951770335499036,0.25769392819042586,0.4,19.52000000000008,0.01610337730366395,-0.30342194138085243,0.0,0.0515354961221369,-0.023578689658186214,0.5,32.51189389676143,0.22135301363729903,2.143606447864774,-65,65000
cf1_sim,12.039999999999832,-0.05548626663700968,0.251660254941025,0.4,20.820000000000082,0.023275184924467673,-0.3016836624700422,0.0,0.05867219853348696,-0.025961971217809687,0.5,33.759260835973066,0.22488996147809895,2.142884795138275,-65,65000
cf1_sim,12.059999999999832,-0.05487811254184616,0.24566434852205823,0.4,22.12000000000008,0.03040770475817603,-0.2997953209483386,0.0,0.0658721457828475,-0.028168631676319833,0.5,35.00134231103586,0.22842305772286342,2.142155160445238,-64,65000
cf1_sim,12.079999999999831,-0.054128156774604634,0.23970919259313261,0.4,23.400000000000084,0.03749778836207634,-0.2977577964462817,0.0,0.07313162572357673,-0.03019735691403974,0.5,36.23817488203208,0.23120396130103057,2.141499644165662,-64,65000
cf1_sim,12.099999999999831,-0.053237310581367076,0.2337977519814026,0.4,24.680000000000085,0.04454230966187786,-0.2955720305865004,0.0,0.08044690024973769,-0.032046908149703235,0.5,37.46979761323439,0.23397992050910726,2.1408408706532076,-64,65000
cf1_sim,12.11999999999983,-0.052206547260054297,0.22793297145033936,0.4,25.960000000000086,0.05153816606563879,-0.29323902655316103,0.0,0.08781420681215121,-0.03371612244663397,0.5,38.69625188925723,0.23675026538715108,2.140180089962886,-64,65000
cf1_sim,12.13999999999983,-0.051036901668606416,0.2221177744775733,0.4,27.240000000000087,0.058482279572394144,-0.2907598486383034,0.0,0.09522975994427857,-0.03520391318848276,0.5,39.91758123803599,0.23951439967605043,2.1395185438861155,-63,65000
cf1_sim,12.15999999999983,-0.049729469711107775,0.21635506204226929,0.4,28.50000000000009,0.06537159787493187,-0.2881356217652014,0.0,0.10268975279732372,-0.03650927052433389,0.5,41.13383116068668,0.2415251817557131,2.1389419025576313,-63,65000
cf1_sim,12.17999999999983,-0.0482854078019844,0.2106477114224914,0.4,29.76000000000009,0.07220309545616892,-0.28536753098889545,0.0,0.11019035868394023,-0.037631261783000525,0.5,42.34504896826413,0.24352920322054425,2.1383686067035925,-63,65000
cf1_sim,12.199999999999829,-0.04670593230841272,0.2049985750030103,0.4,31.020000000000095,0.07897377467858414,-0.28245682097405395,0.0,0.11772773262992488,-0.038569031856344416,0.5,43.551283625404466,0.24552607173342852,2.1377998546716785,-63,65000
cf1_sim,12.219999999999828,-0.04499231897108932,0.19941047909400367,0.4,32.28000000000009,0.0856806668661696,-0.27940479545033237,0.0,0.12529801293327675,-0.03932180355146597,0.5,44.75258560080994,0.24751545823089882,2.1372368291451718,-62,65000
cf1_sim,12.239999999999828,-0.04314590230352198,0.19388622276109554,0.4,33.520000000000095,0.09232083337836726,-0.27621281664540676,0.0,0.1328973227299979,-0.03988887791162343,0.5,45.949006724508045,0.24875123735931381,2.136767656508652,-62,65000
cf1_sim,12.259999999999827,-0.04116807497001271,0.18842857666717813,0.4,34.760000000000105,0.09889136667546364,-0.2728823046958702,0.0,0.1405217715660086,-0.04026963450575266,0.5,47.14060005179472,0.2499794095849816,2.136307641006527,-62,65000
cf1_sim,12.279999999999827,-0.039060287142514305,0.18304028192645433,0.4,36.00000000000011,0.1053893913749202,-0.26941473703618996,0.0,0.14816745697454753,-0.040463531686471654,0.5,48.3274197337517,0.25119981285705223,2.13585790213228,-62,65000
cf1_sim,12.299999999999827,-0.036824045836551834,0.1777240489711357,0.4,37.2400000000001,0.11181206529812347,-0.2658116477659322,0.0,0.15583046605842657,-0.04047010681646568,0.5,49.50952089421079,0.25241233856182116,2.1354195386023305,-61,65000
cf1_sim,12.319999999999826,-0.03446091422641094,0.17248255643122623,0.4,38.4600000000001,0.11815658050704464,-0.2620746269954728,0.0,0.16350687707650527,-0.04028897646316332,0.5,50.68695951302325,0.25287166075602874,2.1350820263494468,-61,65000
cf1_sim,12.339999999999826,-0.03197251093980485,0.16731845002781784,0.4,39.6800000000001,0.12442016433030464,-0.2582053201704198,0.0,0.1711927610337511,-0.0399198365616244,0.5,51.859792315479666,0.2533232974514246,2.1347585962099735,-61,65000
cf1_sim,12.359999999999825,-0.029360509332241908,0.16223434148031815,0.4,40.9000000000001,0.13060008037814702,-0.2542054273749847,0.0,0.17888418327424832,-0.03936246254557457,0.5,53.02807666771582,0.2537672731252421,2.1344502710576343,-61,65000
cf1_sim,12.379999999999825,-0.02662663674132536,0.1572328074280272,0.4,42.1200000000001,0.1366936295458274,-0.25007670261454795,0.0,0.18657720507651793,-0.03861670944653445,0.5,54.1918704779308,0.2542036566342879,2.134158049751208,-60,65000
cf1_sim,12.399999999999824,-0.023772673721226656,0.1523163883664737,0.4,43.3200000000001,0.14269815100493521,-0.24582095307767382,0.0,0.1942678852505101,-0.03768251196100275,0.5,55.35123210323738,0.2538876782799495,2.133971660066321,-60,65000
cf1_sim,12.419999999999824,-0.02080045325758326,0.14748758759891695,0.4,44.5200000000001,0.1486110231821698,-0.24144003837783834,0.0,0.2019522817356297,-0.036559884485666494,0.5,56.50622026195945,0.25356451996998414,2.1338033319417864,-60,65000
cf1_sim,12.439999999999824,-0.01771185996308125,0.14274887020341406,0.4,45.7200000000001,0.15442966472510045,-0.2369358697751437,0.0,0.2096264531991553,-0.03524892112062472,0.5,57.65689395118722,0.25323435322812304,2.1336539814554647,-60,65000
cf1_sim,12.459999999999823,-0.014508829253992312,0.13810266201584803,0.4,46.92000000000011,0.16015153545444688,-0.23231040937830097,0.0,0.21728646063441137,-0.03374979564062247,0.5,58.80331236939881,0.25289738578713766,2.1335244989347633,-59,65000
cf1_sim,12.479999999999823,-0.011193346507943836,0.1335513486293046,0.4,48.10000000000011,0.16577413730242382,-0.2275656693271717,0.0,0.2249283689580546,-0.03206276143430842,0.5,59.945534843955535,0.2518091420422643,2.1335037765899316,-59,65000
cf1_sim,12.499999999999822,-0.007767446203209813,0.12909727441018123,0.4,49.28000000000011,0.17129501523670115,-0.22270371095616762,0.0,0.23254824860583415,-0.03018815141153891,0.5,61.08362076327784,0.2507146456240579,2.133504120235265,-59,65000
cf1_sim,12.519999999999822,-0.004233211039819039,0.12474274153140491,0.4,50.46000000000011,0.17671175816953863,-0.2177266439388162,0.0,0.24014217712618752,-0.02812637787876493,0.5,62.21762951350983,0.24961418027050628,2.1335263349660125,-59,65000
cf1_sim,12.539999999999822,-0.0005927710427858107,0.12049000902312874,0.4,51.64000000000011,0.18202199985166143,-0.212636625413808,0.0,0.24770624077103398,-0.02587793238255348,0.5,63.34762041948148,0.2485080586913235,2.1335711995659428,-59,65000
cf1_sim,12.559999999999821,0.0031516973522232217,0.11634129184127173,0.4,52.82000000000011,0.18722341975045162,-0.2074358590928503,0.0,0.25523653608312835,-0.023443385521303428,0.5,64.47365268978058,0.24739662117100797,2.1336394664023834,-58,65000
cf1_sim,12.57999999999982,0.006997972230463974,0.11229875995425856,0.4,53.9800000000001,0.19231374391203762,-0.20212659435065833,0.0,0.26272917147934016,-0.02082338672523243,0.5,65.59578536574851,0.24553540629299467,2.133817699377388,-58,65000
cf1_sim,12.59999999999982,0.010943787146601429,0.10836453744831005,0.4,55.1400000000001,0.19729074580687272,-0.19671112529742513,0.0,0.2701802688292242,-0.018018664004722962,0.5,66.71407727421797,0.2436695218823077,2.1340197172218858,-58,65000
cf1_sim,12.61999999999982,0.014986832089769461,0.10454070165162771,0.4,56.3000000000001,0.20215224715840158,-0.19119178983411722,0.0,0.2775859650282503,-0.015030023667125969,0.5,67.82858698381467,0.2417993567320035,2.1342461883379964,-58,65000
cf1_sim,12.63999999999982,0.019124754464857906,0.10082928227780869,0.4,57.46000000000009,0.2068961187544222,-0.1855709686909515,0.0,0.2849424135650625,-0.011858350002137863,0.5,68.93937276464887,0.2399253210869759,2.134497755193781,-57,65000
cf1_sim,12.659999999999819,0.02335516008967309,0.09723226058882037,0.4,58.600000000000094,0.21152028124075922,-0.17985108444941583,0.0,0.292245786082141,-0.008504604935874072,0.5,70.04649255122759,0.23730265392226774,2.134857998715108,-57,65000
cf1_sim,12.679999999999819,0.02767561420761056,0.0937515685778563,0.4,59.740000000000094,0.2160227058968733,-0.1740346005482037,0.0,0.2994922739292407,-0.004969827653779513,0.5,71.15000390842323,0.23467675606031652,2.1352429724307607,-57,65000
cf1_sim,12.699999999999818,0.03208364251547136,0.09038908817238751,0.4,60.880000000000095,0.22040141539304023,-0.16812402027343945,0.0,0.30667808970898536,-0.0012551341925243764,0.5,72.24996400033896,0.23204806785333507,2.1356532387831906,-57,65000
cf1_sim,12.719999999999818,0.03657673220604619,0.08714665045771595,0.4,62.020000000000095,0.2246544845287414,-0.16212188573357822,0.0,0.31379946881399867,0.0026382829989495815,0.5,73.34642956191679,0.22941704587143266,2.136089335375312,-57,65000
cf1_sim,12.739999999999817,0.041152333025084545,0.08402603492132854,0.4,63.160000000000096,0.2287800409519179,-0.156030776819371,0.0,0.3208526709549562,0.00670915552905843,0.5,74.43945687313973,0.2267841619085362,2.1365517751551484,-56,65000
cf1_sim,12.759999999999817,0.0458078583422595,0.0810289687183427,0.4,64.2800000000001,0.2327762658587477,-0.14985331014929212,0.0,0.32783398167894706,0.010956139563692902,0.5,75.52910173568422,0.22340392032865317,2.137119159493661,-56,65000
cf1_sim,12.779999999999816,0.050540686235731824,0.07815712595832605,0.4,65.4000000000001,0.23664139467361642,-0.1435921380008326,0.0,0.33473971387753765,0.015377816356622165,0.5,76.61541945188486,0.2200224149964182,2.1377117395621936,-56,65000
cf1_sim,12.799999999999816,0.05534816058991102,0.07541212701376467,0.4,66.52000000000011,0.24037371770895993,-0.13724994722806896,0.0,0.3415662092839317,0.01997269280997399,0.5,77.69846480587897,0.21664012973311628,2.1383299549974986,-56,65000
cf1_sim,12.819999999999816,0.06022759220600438,0.0727955378504462,0.4,67.64000000000013,0.2439715808046675,-0.13082945816592362,0.0,0.34830983995863096,0.0247392020645662,0.5,78.77829204680347,0.213257559333624,2.1389742223657153,-56,65000
cf1_sim,12.839999999999815,0.06517625992493925,0.07030886938001543,0.4,68.76000000000012,0.24743338594674333,-0.1243334235215378,0.0,0.35496700976299755,0.02967570411985332,0.5,79.85495487392242,0.20987520876318877,2.1396449354276292,-55,65000
cf1_sim,12.859999999999815,0.07019141176223792,0.06795357683495173,0.4,69.86000000000011,0.25075759186493374,-0.11776462725318504,0.0,0.36153415582013115,0.03478048648324206,0.5,80.92850642356821,0.20574645935366134,2.14041441487473,-55,65000
cf1_sim,12.879999999999814,0.07527026605441867,0.06573105916620858,0.4,70.96000000000012,0.2539427146090372,-0.11112588343715725,0.0,0.3680077499624748,0.04005176484851369,0.5,81.99899925778534,0.20161843695945392,2.141208439305622,-55,65000
cf1_sim,12.899999999999814,0.08041001261649115,0.06364265846374735,0.4,72.06000000000009,0.25698732810362424,-0.10442003512306185,0.0,0.37438430016556956,0.04548768380308521,0.5,83.06648535457008,0.19749164504389352,2.1420273373163843,-55,65000
cf1_sim,12.919999999999813,0.08560781391010922,0.0616896594001879,0.4,73.1600000000001,0.2598900646809035,-0.09764995317797272,0.0,0.38066035196738446,0.051086317563823036,0.5,84.13101609960474,0.1933665938672493,2.142871416561752,-55,65000
cf1_sim,12.939999999999813,0.09086080622193884,0.05987328869779023,0.4,74.26000000000009,0.26264961559148114,-0.09081853511988333,0.0,0.3868324898726535,0.05684567074111846,0.5,85.19264227938999,0.18924379985041148,2.1437409640634497,-55,65000
cf1_sim,12.959999999999813,0.09616610085179424,0.058194714618971945,0.4,75.36000000000008,0.2652647314927698,-0.08392870394091449,0.0,0.3928973387416571,0.06276367913091685,0.5,86.25141407568313,0.18512378496193635,2.144636246521513,-54,65000
cf1_sim,12.979999999999812,0.10152078531009051,0.05665504648055726,0.4,76.44000000000008,0.2677342229148137,-0.07698340692073409,0.0,0.3988515651628922,0.06883821053438527,0.5,87.30738106115538,0.18025812425834037,2.145620563300915,-54,65000
cf1_sim,12.999999999999812,0.10692192452415665,0.055255334191944255,0.4,77.52000000000007,0.270056960703307,-0.06998561443065046,0.0,0.4046918788090809,0.07506706560489063,0.5,88.36059219618495,0.1753956185016237,2.146627955734808,-54,65000
cf1_sim,13.019999999999811,0.1123665620529485,0.05399656781736736,0.4,78.60000000000008,0.2722318764395923,-0.06293831872884498,0.0,0.41041503377597577,0.0814479787219492,0.5,89.41109582670735,0.17053677677819148,2.14765863565946,-54,65000
cf1_sim,13.03999999999981,0.11785172130969722,0.05287967716242308,0.4,79.68000000000006,0.27425796283743625,-0.05584453274721364,0.0,0.41601782990342423,0.08797861889179875,0.5,90.45893968304885,0.16568211122329693,2.1487127965874375,-54,65000
cf1_sim,13.05999999999981,0.12337440679202502,0.051905531385017266,0.4,80.76000000000008,0.27613427411638997,-0.04870728887029091,0.0,0.4214971140781646,0.09465659067423282,0.5,91.50417087967183,0.16083213654682552,2.149790614031098,-54,65000
cf1_sim,13.07999999999981,0.12893160531905606,0.05107493863088261,0.4,81.84000000000007,0.27785992635155193,-0.04152963770673284,0.0,0.4268497815178308,0.10147943513532648,0.5,92.54683591576614,0.15598736957776577,2.1508922458252955,-54,65000
cf1_sim,13.09999999999981,0.1345202872750473,0.050388645693805814,0.4,82.92000000000007,0.27943409779956196,-0.03431464685383969,0.0,0.4320727770356525,0.10844463082567346,0.5,93.5869806766228,0.151148328826827,2.1520178324489945,-53,65000
cf1_sim,13.11999999999981,0.1401374078590606,0.049847337700693786,0.4,83.98000000000006,0.28085602920066466,-0.02706539965560138,0.0,0.4371630962853439,0.11554959478374172,0.5,94.6246504357309,0.14556392792427586,2.1532184399222634,-53,65000
cf1_sim,13.139999999999809,0.14577990834019441,0.04945163782159874,0.4,85.04000000000008,0.2821250240566912,-0.01978499395475218,0.0,0.4421177869856825,0.12279168356394865,0.5,95.65988985754163,0.13998545758169548,2.15443960054218,-53,65000
cf1_sim,13.159999999999808,0.1514447173178908,0.04920210700481227,0.4,86.10000000000008,0.28324044888482,-0.012476540839323605,0.0,0.4469339501242876,0.13016819428904247,0.5,96.69274300084601,0.13441341533379672,2.1556814118183105,-53,65000
cf1_sim,13.179999999999808,0.15712875198683052,0.049099243737128526,0.4,87.16000000000008,0.28420173344698535,-0.005143163384187101,0.0,0.45160874114011684,0.13767636572637076,0.5,97.72325332271721,0.12884829870758568,2.1569439558847825,-53,65000
cf1_sim,13.199999999999807,0.16282891940592684,0.04914348382936692,0.4,88.22000000000008,0.28500837095481585,0.002212004611919635,0.0,0.45613937108420644,0.14531337938760502,0.5,98.75146368297005,0.12329060489373267,2.1582272998117977,-53,65000
cf1_sim,13.219999999999807,0.1685421177709267,0.04933520022723465,0.4,89.28000000000009,0.28565991824999326,0.00958581989338671,0.0,0.4605231077581912,0.15307636065148106,0.5,99.77741634909376,0.11774083043203146,2.1595314959138805,-52,65000
cf1_sim,13.239999999999807,0.1742652376901254,0.049674702847599624,0.4,90.32000000000009,0.2861559959599343,0.01697513101824858,0.0,0.46475727683014706,0.16096237990910744,0.5,100.80115300161663,0.11144518284972174,2.160895615410757,-52,65000
cf1_sim,13.259999999999806,0.17999516346269953,0.0501622384402341,0.4,91.36000000000011,0.2864962886287076,0.024376779631723567,0.0,0.4688392629273111,0.16896845373138303,0.5,101.82271473986356,0.10515749263944124,2.1622765226554432,-52,65000
cf1_sim,13.279999999999806,0.1857287743591617,0.0507979904750796,0.4,92.4000000000001,0.28668054482310934,0.03178760174227527,0.0,0.47276651070523934,0.17709154605805655,0.5,102.84214208807028,0.09887823283238203,2.1636742368491477,-52,65000
cf1_sim,13.299999999999805,0.19146294590343835,0.05158207905507347,0.4,93.44000000000011,0.2867085772138319,0.039204428999693536,0.0,0.4765365258929757,0.18532856940795434,0.5,103.85947500181969,0.09260787467938005,2.1650887643065047,-52,65000
cf1_sim,13.319999999999805,0.19719455115607173,0.0525145608545673,0.4,94.48000000000012,0.2865802626316693,0.04662408997469168,0.0,0.48014687631381286,0.19367638610988985,0.5,104.87475287476875,0.08634688742191378,2.166520098742143,-52,65000
cf1_sim,13.339999999999804,0.20292046199804603,0.05359542908335761,0.4,95.52000000000012,0.28629554209871544,0.0540434114395156,0.0,0.48359519288123554,0.20213180955376503,0.5,105.88801454563573,0.08009573807365362,2.167968221552894,-52,65000
cf1_sim,13.359999999999804,0.20863755041473644,0.05482461347633881,0.4,96.56000000000013,0.28585442083452095,0.06145921964905999,0.0,0.48687917056964863,0.2106916054613614,0.5,106.8992983054199,0.07385489121225008,2.169433102095557,-52,65000
cf1_sim,13.379999999999804,0.21434268977948015,0.056201980308778536,0.4,97.60000000000014,0.28525696823718527,0.06886834162198634,0.0,0.4899965693595005,0.21935249317631417,0.5,107.90864190482776,0.06762480878088882,2.1709146979602454,-52,65000
cf1_sim,13.399999999999803,0.22003275613626758,0.05772733243720528,0.4,98.64000000000013,0.28450331783937094,0.07626760642133705,0.0,0.492945215156422,0.22811114697275192,0.5,108.91608256188114,0.06140594989921293,2.1724129552392375,-51,65000
cf1_sim,13.419999999999803,0.22570462948105235,0.059400409365888085,0.4,99.66000000000014,0.28359366723923884,0.08365384643414021,0.0,0.4957230006840153,0.23696419738208008,0.5,109.92165696968458,0.054439923376505106,2.1739469443535686,-51,65000
cf1_sim,13.439999999999802,0.2313551950411786,0.06122088733887808,0.4,100.68000000000013,0.2825282780063119,0.09102389864949964,0.0,0.4983278863499325,0.24590823253737643,0.5,110.92540130433119,0.04748495523649564,2.17549286340629,-51,65000
cf1_sim,13.459999999999802,0.23698134455242437,0.06318837945757139,0.4,101.70000000000013,0.2813074755622876,0.09837460593466506,0.0,0.500757901084898,0.2549397995348615,0.5,111.92735123292682,0.040541480223576884,2.1770506381709613,-51,65000
cf1_sim,13.479999999999801,0.24257997753316093,0.06530243582374295,0.4,102.72000000000013,0.27993164903682777,0.10570281830857828,0.0,0.5030111431543389,0.26405540581189924,0.5,112.92754192171468,0.03360992971527219,2.1786201845661295,-51,65000
cf1_sim,13.499999999999801,0.24814800255512828,0.06756254370799078,0.4,103.74000000000014,0.27840125109836755,0.11300539421239156,0.0,0.5050857809422973,0.2732515205409772,0.5,113.92600804428332,0.026690731591955258,2.180201408895668,-51,65000
cf1_sim,13.5199999999998,0.2536823385103281,0.0699681277435199,0.4,104.76000000000012,0.2767167977599927,0.12027920177645585,0.0,0.5069800537073109,0.2825245760391075,0.5,114.92278378984241,0.01978431011330213,2.181794208084419,-51,65000
cf1_sim,13.5399999999998,0.25917991587353706,0.07251855014518545,0.4,105.78000000000011,0.27487886816044765,0.12752112008327732,0.0,0.5086922723099593,0.2918709691920872,0.5,115.91790287155159,0.012891085801287524,2.1833984699092217,-51,65000
cf1_sim,13.5599999999998,0.264637677959944,0.0752131109537043,0.4,106.80000000000011,0.27288810432034616,0.13472804042594255,0.0,0.5102208199117827,0.30128706289304585,0.5,116.91139853488929,0.006011475329308106,2.1850140732253407,-51,65000
cf1_sim,13.5799999999998,0.2700525821774173,0.07805104830493458,0.4,107.8200000000001,0.2707452108736657,0.1418968675615141,0.0,0.5115641526452963,0.31076918749470683,0.5,117.90330356604895,-0.00085410858271854,2.1866408881883688,-50,65000
cf1_sim,13.599999999999799,0.27542160127290966,0.08103153872411258,0.4,108.8200000000001,0.26845095477461955,0.1490245209588998,0.0,0.5127208002548272,0.3203136422747804,0.5,118.89365030035115,-0.008469110174727436,2.1882759535119622,-50,65000
cf1_sim,13.619999999999798,0.28074172457250984,0.08415369744492661,0.4,109.82000000000012,0.2660061649800083,0.15610793604070175,0.0,0.5136893667079213,0.3299166969139038,0.5,119.88247063066169,-0.01607042041119188,2.189916905879765,-50,65000
cf1_sim,13.639999999999798,0.2860099592146531,0.08741657875329767,0.4,110.8200000000001,0.26341173210716434,0.1631440654185528,0.0,0.5144685307770719,0.3395745929855354,0.5,120.86979601580511,-0.02365764770351461,2.1915636059879304,-50,65000
cf1_sim,13.659999999999798,0.29122333137600537,0.09081917635572669,0.4,111.8200000000001,0.2606686080676127,0.1701298801214508,0.0,0.5150570465915385,0.34928354545720863,0.5,121.8556574889658,-0.03123040456667038,2.193215907222838,-50,65000
cf1_sim,13.679999999999797,0.296378887489537,0.09436042377205876,0.4,112.8200000000001,0.2577778056765815,0.17706237081660364,0.0,0.5154537441590339,0.35903974420254475,0.5,122.84008566606825,-0.03878830768549124,2.194873655853843,-50,65000
cf1_sim,13.699999999999797,0.30147369545430713,0.09803919475250479,0.4,113.8200000000001,0.25474039823850547,0.18393854902230114,0.0,0.5156575298570705,0.3688393555234194,0.5,123.82311075412866,-0.046330977976869296,2.196536691221733,-50,65000
cf1_sim,13.719999999999796,0.3065048458364807,0.10185430371875144,0.4,114.82000000000012,0.2515575191086764,0.19075544831233232,0.0,0.5156673868937677,0.3786785236816743,0.5,124.80476255957227,-0.05385804064813261,2.1982048459230072,-50,65000
cf1_sim,13.739999999999796,0.31146945306110474,0.10580450622898085,0.4,115.82000000000014,0.24823036123120337,0.19751012551147068,0.0,0.5154823757379382,0.388553372439762,0.5,125.78507049650933,-0.06136912525171513,2.199877945990045,-50,65000
cf1_sim,13.759999999999796,0.31636465659417384,0.1098884994666119,0.4,116.8200000000001,0.24476017665345642,0.20419966188155256,0.0,0.5151016345182762,0.3984600066097063,0.5,126.76406359496507,-0.0688638657363992,2.2015558110672764,-50,65000
cf1_sim,13.779999999999795,0.3211876221145174,0.11410492275256547,0.4,117.8200000000001,0.24114827601717673,0.21082116429767836,0.0,0.5145243793914923,0.40839451360976076,0.5,127.74177050905811,-0.07634190049519823,2.203238254583396,-50,65000
cf1_sim,13.799999999999795,0.3259355426750463,0.11845235808084685,0.4,118.82000000000008,0.2373960280264457,0.21737176641406925,0.0,0.5137499048792434,0.4183529650281397,0.5,128.71821952512354,-0.0838028724101287,2.204925083919742,-49,65000
cf1_sim,13.819999999999794,0.33060563985290065,0.12292933067722918,0.4,119.80000000000011,0.23350485889271563,0.22384862981911663,0.0,0.5127775841737237,0.4283314181932001,0.5,129.69343856977622,-0.09201667764497959,2.2065841151285515,-49,65000
cf1_sim,13.839999999999794,0.3351951648880429,0.1275343095808125,0.4,120.78000000000011,0.2294762517571135,0.23024894517916575,0.0,0.5116068694117942,0.43832591774944274,0.5,130.6674552179112,-0.10021388974277591,2.208241675973321,-49,65000
cf1_sim,13.859999999999793,0.3397013998098477,0.13226570824822406,0.4,121.76000000000012,0.22531174609023924,0.2365699333705789,0.0,0.5102372919175402,0.4483324972387044,0.5,131.64029670063812,-0.10839416644488206,2.2098975750118246,-49,65000
cf1_sim,13.879999999999793,0.3441216585512415,0.13712188518021665,0.4,122.74000000000012,0.22101293706968897,0.24280884659962879,0.0,0.5086684624131587,0.4583471806859081,0.5,132.61198991314677,-0.11655716984528966,2.211551615863066,-49,65000
cf1_sim,13.899999999999793,0.34845328804995235,0.14210114457041217,0.4,123.72000000000011,0.21658147493554303,0.2489629695097766,0.0,0.506900071198092,0.46836598418873693,0.5,133.58256142250173,-0.12470256641321482,2.2132035973498794,-49,65000
cf1_sim,13.919999999999792,0.3526936693364337,0.1472017369759301,0.4,124.70000000000013,0.2120190643240676,0.25502962027589543,0.0,0.5049318882963335,0.47838491751059614,0.5,134.55203747536427,-0.13283002701370422,2.214853313638128,-49,65000
cf1_sim,13.939999999999792,0.35684021860803145,0.15242186000963015,0.4,125.68000000000015,0.2073274635798877,0.26100615168500374,0.0,0.5027637635718484,0.4883999856762256,0.5,135.52044400563918,-0.14093922692637,2.2165005543726277,-49,65000
cf1_sim,13.959999999999791,0.3608903882889694,0.15775965905369174,0.4,126.66000000000014,0.20250848404689847,0.26688995220307904,0.0,0.50039562681206,0.4984071905693252,0.5,136.48780664204622,-0.14902984586241197,2.2181451048098824,-49,65000
cf1_sim,13.97999999999979,0.3648416680757332,0.16321322799424232,0.4,127.64000000000014,0.19756398933819003,0.2726784470275283,0.0,0.4978274877793696,0.5084025325315533,0.5,137.45415071561422,-0.15710156797992617,2.219786745947708,-49,65000
cf1_sim,13.99999999999979,0.3686915859674386,0.16878060997674024,0.4,128.62000000000015,0.19249589458527025,0.27836909912489605,0.0,0.4950594362306888,0.5183820119622601,0.5,138.41950126709747,-0.16515408189771894,2.221425254651837,-49,65000
cf1_sim,14.01999999999979,0.3724377092807762,0.1744597981818082,0.4,129.60000000000014,0.1873061656668781,0.2839594102533978,0.0,0.49209164190497373,0.5283416309183133,0.5,139.38388305431383,-0.17318708070763064,2.2230604037795954,-49,65000
cf1_sim,14.03999999999979,0.37607764564912993,0.18024873662120564,0.4,130.58000000000013,0.18199681841768853,0.2894469219698721,0.0,0.48892435447876836,0.5382773947133811,0.5,140.34732055940373,-0.18120026198547193,2.224691962300739,-49,65000
cf1_sim,14.059999999999789,0.3796090440054743,0.18614532095362066,0.4,131.56000000000012,0.17656991781721837,0.29482921662075046,0.0,0.4855579034897717,0.5481853135160256,0.5,141.3098379960108,-0.1891933278007279,2.226319695415506,-49,65000
cf1_sim,14.079999999999789,0.3830295955486593,0.1921473993199537,0.4,132.5400000000001,0.17102757715925074,0.3001039183166515,0.0,0.48199269822846086,0.5580614039459754,0.5,142.27145931638316,-0.19716598472496794,2.2279433646700055,-49,65000
cf1_sim,14.099999999999788,0.38633703469270136,0.19825277319775791,0.4,133.5200000000001,0.16537195720210357,0.3052686938902109,0.0,0.4782292275978113,0.5679016906679317,0.5,143.23220821839598,-0.20511794383919252,2.2295627280690047,-49,65000
cf1_sim,14.119999999999788,0.38952913999870287,0.20445919827449324,0.4,134.50000000000009,0.15960526530007552,0.3103212538367664,0.0,0.47426805994117016,0.5777022079822769,0.5,144.19210815249622,-0.21304892074006573,2.2311775401861857,-48,65000
cf1_sim,14.139999999999787,0.39260373508903107,0.21076438533924371,0.4,135.4600000000001,0.1537297545164104,0.31525935323752385,0.0,0.4701098428383517,0.5874590014120428,0.5,145.15118232856892,-0.2217380119534696,2.232710287130315,-48,65000
cf1_sim,14.159999999999787,0.3955586895433936,0.21716600119254045,0.4,136.4200000000001,0.1477477227181292,0.32008079266483624,0.0,0.4657553028700346,0.5971681292855097,0.5,146.1094537227267,-0.23040665724693662,2.2342322026493266,-48,65000
cf1_sim,14.179999999999787,0.3983919197764553,0.22366166957392516,0.4,137.3800000000001,0.1416615116530852,0.32478341906923613,0.0,0.46120524535055535,0.6068256643137991,0.5,147.06694508402265,-0.23905457726758084,2.2357430539260963,-48,65000
cf1_sim,14.199999999999786,0.40110138989664745,0.23024897210688253,0.4,138.34000000000012,0.13547350600960642,0.32936512664786777,0.0,0.4564605540292049,0.616427695162832,0.5,148.02367894108787,-0.24768149684934382,2.237242605507108,-48,65000
cf1_sim,14.219999999999786,0.40368511254582934,0.236925449260762,0.4,139.30000000000013,0.1291861324590956,0.333823857693974,0.0,0.4515221907601454,0.6259703280190201,0.5,148.97967760869417,-0.25628714501007477,2.238730619393625,-48,65000
cf1_sim,14.239999999999785,0.40614114971946863,0.24368860132930398,0.4,140.26000000000013,0.1228018586819653,0.338157603427099,0.0,0.4463911951410807,0.6354496881480687,0.5,149.93496319424372,-0.26487125494806896,2.240206855130816,-48,65000
cf1_sim,14.259999999999785,0.4084676135670145,0.2505358894253775,0.4,141.22000000000014,0.11632319237729279,0.3423644048036769,0.0,0.441068684120823,0.6448619214462639,0.5,150.88955760418602,-0.27343356403810726,2.2416710698948727,-48,65000
cf1_sim,14.279999999999784,0.4106626671721462,0.2574647364915312,0.4,142.18000000000018,0.10975268025658574,0.3464423533076835,0.0,0.4355558515759126,0.654203195983624,0.5,151.84348255036423,-0.28197381382708464,2.2431230185781676,-48,65000
cf1_sim,14.299999999999784,0.41272452531258735,0.2644725283259519,0.4,143.14000000000016,0.10309290702205648,0.35038959172103595,0.0,0.4298539678564595,0.6634697035383005,0.5,152.79675955629128,-0.29049175002919003,2.2445624538725677,-48,65000
cf1_sim,14.319999999999784,0.4146514551991835,0.2715566146234206,0.4,144.10000000000014,0.09634649432980857,0.3542043148734342,0.0,0.4239643793013885,0.6726576611216115,0.5,153.7494099633585,-0.2989871225207129,2.2459891263509335,-48,65000
cf1_sim,14.339999999999783,0.4164417771939504,0.2787143100308475,0.4,145.06000000000017,0.08951609973834625,0.3578847703713451,0.0,0.4178885077232793,0.681763312493099,0.5,154.70145493697657,-0.307459685334532,2.2474027845468707,-48,65000
cf1_sim,14.359999999999783,0.4180938655068069,0.2859428952169643,0.4,146.02000000000018,0.08260441564282256,0.3614292593058394,0.0,0.4116278498630095,0.6907829296650054,0.5,155.65291547265204,-0.3159091966542376,2.248803175032805,-48,65000
cf1_sim,14.379999999999782,0.41960614887071584,0.2932396179557443,0.4,146.9800000000002,0.07561416819544862,0.3648361369389994,0.0,0.40518397681441587,0.6997128143955647,0.5,156.60381240199914,-0.32433541880799455,2.2501900424964454,-48,65000
cf1_sim,14.399999999999782,0.42097711119496567,0.3006016942231168,0.4,147.9400000000002,0.06854811621249139,0.36810381336862386,0.0,0.3985585334192055,0.7085492996705123,0.5,157.5541663986906,-0.3327381182621289,2.2515631298156626,-48,65000
cf1_sim,14.419999999999781,0.4222052921963315,0.3080263093065361,0.4,148.9000000000002,0.061409050068293405,0.37123075417096585,0.0,0.39175323763235587,0.7172887511722219,0.5,158.50399798434705,-0.341117065614455,2.252922178131886,-48,65000
cf1_sim,14.439999999999781,0.4232892880078666,0.31551061892696103,0.4,149.8600000000002,0.05419979057675293,0.37421548102124746,0.0,0.3847698798582594,0.7259275687358804,0.5,159.45332753436836,-0.3494720355873979,2.2542669269220337,-48,65000
cf1_sim,14.45999999999978,0.42422775176508076,0.3230517503727951,0.4,150.82000000000022,0.04692318786070818,0.377056572291704,0.0,0.3776103222578762,0.7344621877921172,0.5,160.40217528370772,-0.3578028070208933,2.2555971140690385,-48,65000
cf1_sim,14.47999999999978,0.42501939416927426,0.3306468036453335,0.4,151.78000000000023,0.039582120209674394,0.37975266362691945,0.0,0.37027649802717144,0.7428890807955146,0.5,161.35056133259042,-0.36610916286510875,2.2569124759310535,-48,65000
cf1_sim,14.49999999999978,0.425662984027802,0.338292852615258,0.4,152.74000000000024,0.03217949292638692,0.382302448496225,0.0,0.362770410647126,0.7512047586384233,0.5,162.29850565217927,-0.37439089017298,2.258212747409331,-48,65000
cf1_sim,14.51999999999978,0.42615734877105416,0.34598694618971676,0.4,153.70000000000027,0.024718237162608625,0.3847046787229393,0.0,0.3550941331056198,0.7594057720495209,0.5,163.24602809018847,-0.3826477800926012,2.259497662014868,-48,65000
cf1_sim,14.539999999999779,0.4265013749459474,0.35372610948952155,0.4,154.66000000000025,0.01720130874466381,0.38695816499024044,0.0,0.34724980709149766,0.7674887129765524,0.5,164.19314837644754,-0.3908796278594551,2.260766951933855,-48,65000
cf1_sim,14.559999999999778,0.4266940086857307,0.3615073450359909,0.4,155.62000000000023,0.009631686989165372,0.3890617773234685,0.0,0.33923964216114016,0.7754502159526991,0.5,165.13988612841743,-0.39908623278852956,2.2620203480919607,-48,65000
cf1_sim,14.579999999999778,0.4267342561559188,0.3693276339469642,0.4,156.58000000000027,0.002012373509405809,0.391014445548666,0.0,0.33106591487787274,0.7832869594460308,0.5,166.08626085666054,-0.40726739826627983,2.263257580217504,-48,65000
cf1_sim,14.599999999999778,0.42662118397617654,0.37718393714150766,0.4,157.54000000000028,-0.005653608987113415,0.3928151597271734,0.0,0.32273096792455475,0.7909956671914997,0.5,167.03229197026639,-0.41542293174250067,2.2644783769035732,-47,65000
cf1_sim,14.619999999999777,0.4263539196179858,0.38507319655282984,0.4,158.48000000000027,-0.013363217909536035,0.3944629705661082,0.0,0.3142372091897058,0.7985731095049455,0.5,167.97799878223543,-0.42434349127832227,2.2655344798747024,-47,65000
cf1_sim,14.639999999999777,0.4259316517779377,0.3929923363489211,0.4,159.42000000000027,-0.02111339200240706,0.39595698980456207,0.0,0.30558711082753165,0.8060161045785824,0.5,168.92340051482205,-0.43323882094653776,2.2665676676373256,-48,65000
cf1_sim,14.659999999999776,0.4253536307265008,0.4009382641604284,0.4,160.38000000000028,-0.02890105257184602,0.39729639057536387,0.0,0.2967832082922257,0.8133215197574538,0.5,169.8685163048392,-0.44131715836788943,2.2677318796621075,-47,65000
cf1_sim,14.679999999999776,0.4246191686321278,0.40890787231527365,0.4,161.3200000000003,-0.03672310471864945,0.39848040774226384,0.0,0.28782809934693393,0.8204862727963412,0.5,170.81336520892714,-0.4501610824585421,2.2687215812431436,-47,65000
cf1_sim,14.699999999999775,0.42372763986057116,0.4168980390795218,0.4,162.26000000000028,-0.04457643857783186,0.39950833821240517,0.0,0.2787244430477753,0.8275073330966259,0.5,171.75796620878623,-0.4589791913507244,2.269687614444716,-47,65000
cf1_sim,14.719999999999775,0.4226784812492889,0.42490562990400094,0.4,163.20000000000027,-0.052457930564111833,0.40037954122395797,0.0,0.2694749587033269,0.8343817229226074,0.5,172.70233821637865,-0.4677712945703203,2.2706297300095493,-48,65000
cf1_sim,14.739999999999775,0.42147119235683195,0.43292749867617697,0.4,164.16000000000028,-0.060364444622847444,0.401093438608802,0.0,0.2600824248099873,0.841106518596793,0.5,173.6465000790983,-0.4757442565401057,2.2717138826658725,-47,65000
cf1_sim,14.759999999999774,0.4201053356871135,0.44096048897678003,0.4,165.10000000000028,-0.06829283348592274,0.40164951503015317,0.0,0.2505496779636446,0.8476788516736813,0.5,174.5904705849123,-0.4844834790893072,2.2726104639111067,-47,65000
cf1_sim,14.779999999999774,0.4185805368884718,0.4490014353406808,0.4,166.04000000000028,-0.07623993993208537,0.4020473181950396,0.0,0.24087961174808287,0.8540959100915656,0.5,175.53426846747575,-0.49319615492739866,2.2734823677602174,-47,65000
cf1_sim,14.799999999999773,0.41689648492744713,0.4570471645215117,0.4,166.98000000000027,-0.08420259805123304,0.4022864590415423,0.0,0.23107517560057214,0.8603549393019034,0.5,176.4779124112215,-0.5018821081495366,2.274329343240083,-47,65000
cf1_sim,14.819999999999773,0.41505293223720424,0.46509449675952624,0.4,167.92000000000027,-0.09217763451214542,0.4023666119007272,0.0,0.22113937365509395,0.8664532433757934,0.5,177.42142105642702,-0.5105411664470298,2.2751511390824377,-48,65000
cf1_sim,14.839999999999772,0.4130496948405411,0.4731402470521903,0.4,168.88000000000028,-0.10016186983315627,0.4022875146332028,0.0,0.21107526356366585,0.872388186087121,0.5,178.3648130042602,-0.5183786739330577,2.276128590728068,-47,65000
cf1_sim,14.859999999999772,0.41088665244743594,0.48118122642699535,0.4,169.8200000000003,-0.10815211965525934,0.40204896874025037,0.0,0.20088595529623454,0.8781571919719386,0.5,179.30810682180635,-0.5269831702483104,2.2769022761200426,-47,65000
cf1_sim,14.879999999999772,0.4085637485270931,0.489214243215985,0.4,170.76000000000028,-0.11614519601714088,0.40165083944948266,0.0,0.19057460991961783,0.883757747363656,0.5,-179.7486789529222,-0.5355602852472926,2.2776500171918244,-47,65000
cf1_sim,14.899999999999771,0.4060809903544605,0.4972361043314849,0.4,171.70000000000027,-0.12413790863163032,0.4010930557749965,0.0,0.18014443835598287,0.8891874014036267,0.5,-178.8055258059915,-0.5441098609968884,2.2783715618889215,-47,65000
cf1_sim,14.91999999999977,0.4034384490311993,0.5052436165425248,0.4,172.64000000000027,-0.1321270661630605,0.40037561055199644,0.0,0.16959870012135747,0.8944437670267269,0.5,-177.86241524256442,-0.5526317431117258,2.2790666580847967,-47,65000
cf1_sim,14.93999999999977,0.40063625948109877,0.5132335877514423,0.4,173.58000000000027,-0.1401094775050279,0.39949856044587595,0.0,0.15894070204467692,0.8995245219215311,0.5,-176.91932878193057,-0.5611257807445156,2.2797350536235923,-48,65000
cf1_sim,14.95999999999977,0.3976746204199379,0.5212028282701574,0.4,174.54000000000028,-0.1480819530580437,0.3984620259357522,0.0,0.1481737969678798,0.9044274094647019,0.5,-175.9762479525458,-0.5687957903300611,2.2805751824851574,-47,65000
cf1_sim,14.97999999999977,0.3945537942998066,0.5291481520956066,0.4,175.48000000000027,-0.15604130600656596,0.3972661912724622,0.0,0.1373013824275715,0.909150239629219,0.5,-175.03315428707845,-0.5772334856372277,2.281192365684392,-47,65000
cf1_sim,14.999999999999769,0.3912741072279085,0.5370663781838274,0.4,176.42000000000027,-0.16398435359490368,0.3959113044110373,0.0,0.12632689931878147,0.9136908898660845,0.5,-174.09002931746173,-0.5856429146380584,2.28178208213441,-47,65000
cf1_sim,15.019999999999769,0.3878359488598788,0.5449543317221811,0.4,177.36000000000027,-0.17190791840148392,0.3943976769176826,0.0,0.11525383054134924,0.9180473059591499,0.5,-173.14685456994908,-0.59402394062864,2.282344079931863,-47,65000
cf1_sim,15.039999999999768,0.3842397722676594,0.5528088453992072,0.4,178.30000000000024,-0.17980882961097366,0.3927256838513002,0.0,0.10408569962947989,0.9222175028527271,0.5,-172.20361156017194,-0.6023764303945796,2.282878107351808,-47,65000
cf1_sim,15.059999999999768,0.3804860937819844,0.5606267606715992,0.4,179.24000000000026,-0.18768392428374878,0.3908957636196024,0.0,0.09282606936501564,0.9261995654516475,0.5,-171.26028178819638,-0.61070025420124,2.2833839128877216,-47,65000
cf1_sim,15.079999999999767,0.37657549280954034,0.5684049290277967,0.4,-179.81999999999974,-0.19553004862220388,0.3889084178098742,0.0,0.08147854037497865,0.9299916493934505,0.5,-170.31684673357807,-0.6189952857839628,2.2838612452911207,-48,65000
cf1_sim,15.099999999999767,0.37250861162487237,0.5761402132476857,0.4,-178.85999999999973,-0.2033440592333977,0.38676421099445174,0.0,0.07004674971394514,0.9335919817923946,0.5,-169.37328785041316,-0.6264639895778281,2.2845286699730885,-47,65000
cf1_sim,15.119999999999767,0.36828615513712176,0.5838294886579056,0.4,-177.91999999999973,-0.21112282438753022,0.3844637705109959,0.0,0.05853436943181703,0.9369988619549902,0.5,-168.42958656238284,-0.6347009247677126,2.2849511788525363,-47,65000
cf1_sim,15.139999999999766,0.3639088906316868,0.5914696443822586,0.4,-176.97999999999973,-0.21886322527174917,0.38200778621764814,0.0,0.04694510512756386,0.9402106620667694,0.5,-167.48572425779034,-0.6429087198640624,2.285344452619375,-47,65000
cf1_sim,15.159999999999766,0.3593776474869111,0.5990575845867219,0.4,-176.03999999999974,-0.22656215723878587,0.3793970102231675,0.0,0.03528269448951252,0.9432258278500183,0.5,-166.54168228458803,-0.6510872624704439,2.2857082414069736,-47,65000
cf1_sim,15.179999999999765,0.35469331686591266,0.606590229718565,0.4,-175.09999999999974,-0.2342165310499218,0.3766322565921568,0.0,0.023550905822768142,0.9460428791922066,0.5,-165.5974419453931,-0.659236443610554,2.2860422958007165,-48,65000
cf1_sim,15.199999999999765,0.34985685138367684,0.6140645177390749,0.4,-174.1399999999997,-0.24182327411178992,0.37371440102549575,0.0,0.011753536564355127,0.9486604107448655,0.5,-164.65298449248894,-0.6665580316377747,2.2865791788233483,-47,65000
cf1_sim,15.219999999999764,0.3448692647495465,0.6214774053493971,0.4,-173.19999999999973,-0.24937933170651702,0.37064438051610926,0.0,-0.00010558821332937174,0.9510770924926728,0.5,-163.7082911228123,-0.6746480804653694,2.2868558421576495,-47,65000
cf1_sim,15.239999999999764,0.33973163138525214,0.6288258692090013,0.4,-172.25999999999974,-0.2568816682147161,0.3674231929802093,0.0,-0.012022617310150169,0.953291670292516,0.5,-162.7633429729223,-0.682708471958054,2.287102015586264,-47,65000
cf1_sim,15.259999999999764,0.3344450860186353,0.6361069071462845,0.4,-171.31999999999974,-0.26432726833084036,0.36405189686415673,0.0,-0.02399367491635576,0.955302966382322,0.5,-161.8181211139506,-0.6907391108042734,2.2873174518420933,-48,65000
cf1_sim,15.279999999999763,0.32901082325322706,0.6433175393608265,0.4,-170.3599999999997,-0.2717131382704141,0.36053161072710194,0.0,-0.03601486214057942,0.9571098798594442,0.5,-160.87260654653076,-0.6979413737099635,2.2877456711678286,-47,65000
cf1_sim,15.299999999999763,0.3234300971138539,0.6504548096168179,0.4,-169.41999999999973,-0.27903630696865794,0.3568635127995705,0.0,-0.04808225854710943,0.9587113871284187,0.5,-159.92678019570454,-0.7059121808214507,2.2879016762116122,-47,65000
cf1_sim,15.319999999999762,0.3177042205684533,0.6575157864271813,0.4,-168.47999999999973,-0.28629382727003005,0.35304884051817065,0.0,-0.06019192370181434,0.9601065423179119,0.5,-158.98062290580384,-0.7138529805088678,2.288026195778241,-47,65000
cf1_sim,15.339999999999762,0.31183456502628915,0.6644975642279135,0.4,-167.53999999999974,-0.2934827771082087,0.34908889003660915,0.0,-0.0723398987261049,0.9612944776666867,0.5,-158.0341154353062,-0.7217636909560119,2.2881189853407347,-48,65000
cf1_sim,15.359999999999761,0.30582255981276824,0.6713972645421777,0.4,-166.5799999999997,-0.30060026067604434,0.344985015713211,0.0,-0.08452220785831216,0.9622744038784395,0.5,-157.08723845166173,-0.7288454638075321,2.2884343556305153,-47,65000
cf1_sim,15.379999999999761,0.29966969162106794,0.6782120371336807,0.4,-165.63999999999973,-0.3076434095850148,0.340738629575148,0.0,-0.09673486002185751,0.9630456104453617,0.5,-156.13997252609056,-0.7366957531542456,2.288465695038956,-48,65000
cf1_sim,15.39999999999976,0.29337750394079354,0.6849390611488726,0.4,-164.67999999999972,-0.31460938401371963,0.33635120075959113,0.0,-0.10897385039958801,0.9636074659402962,0.5,-155.192298128348,-0.7437168688796194,2.2887243107113844,-47,65000
cf1_sim,15.41999999999976,0.2869475964638944,0.6915755462475128,0.4,-163.73999999999972,-0.3214953738449561,0.33182425493200934,0.0,-0.12123516201364794,0.9639594182773745,0.5,-154.24419562145644,-0.7515064941675084,2.288693189341476,-47,65000
cf1_sim,15.43999999999976,0.28038162446807596,0.6981187337211499,0.4,-162.79999999999973,-0.32829859979092146,0.3271593736818488,0.0,-0.13351476731025497,0.9641009949410275,0.5,-153.29564525640183,-0.7592656937942744,2.2886291065223263,-48,65000
cf1_sim,15.45999999999976,0.2736812981779541,0.7045658975990665,0.4,-161.8399999999997,-0.33501631450609337,0.32235819389583326,0.0,-0.1458086297487478,0.964031803183278,0.5,-152.3466271667931,-0.7661955108754948,2.288799415026422,-47,65000
cf1_sim,15.479999999999759,0.26684838210420725,0.7109143457412492,0.4,-160.89999999999972,-0.3416458036873427,0.31742240710913716,0.0,-0.15811270539427047,0.9637515301892386,0.5,-151.39712136348277,-0.7738937220009513,2.2886713794224764,-48,65000
cf1_sim,15.499999999999758,0.25988469436099043,0.717161420917943,0.4,-159.9399999999997,-0.3481843871608406,0.3123537588346903,0.0,-0.17042294451345588,0.9632599432107454,0.5,-150.4471077291473,-0.7807624552136219,2.288782333593297,-47,65000
cf1_sim,15.519999999999758,0.25279210596188395,0.7233045018753607,0.4,-158.9999999999997,-0.3546294199553244,0.3071540478708829,0.0,-0.18273529317247217,0.962556889668075,0.5,-149.49656601282504,-0.7883995026288113,2.2885893531791233,-48,65000
cf1_sim,15.539999999999758,0.24557254009465806,0.7293410043871196,0.4,-158.0399999999997,-0.3609782933612948,0.3018251255879482,0.0,-0.1950456948367922,0.9616422972197054,0.5,-148.54547582441072,-0.7952070337670006,2.288639922445164,-47,65000
cf1_sim,15.559999999999757,0.23822797137514365,0.7352683822909857,0.4,-157.0999999999997,-0.3672284359757206,0.2963688951933074,0.0,-0.20735009197204726,0.9605161738000898,0.5,-147.5938166291041,-0.8027827690801355,2.288381013632699,-48,65000
cf1_sim,15.579999999999757,0.23076042508050698,0.7410841285105091,0.4,-156.1399999999997,-0.37337731473183355,0.2907873109761711,0.0,-0.21964442764532527,0.9591786076254305,0.5,-146.64156774181208,-0.8095290073518961,2.2883701760573487,-47,65000
cf1_sim,15.599999999999756,0.22317197636223493,0.746785776061143,0.4,-155.19999999999973,-0.3794224359136026,0.28508237753170024,0.0,-0.23192464712627334,0.9576297671674487,0.5,-145.68870832150188,-0.8170433087772453,2.288044364265878,-48,65000
cf1_sim,15.619999999999756,0.21546474943914531,0.7523708990404437,0.4,-154.2399999999997,-0.3853613461544812,0.27925614896503526,0.0,-0.24418669948736482,0.9558699010951622,0.5,-144.73521736550427,-0.8237281905839896,2.287971107133025,-48,65000
cf1_sim,15.639999999999755,0.2076409167707447,0.757837113601954,0.4,-153.2799999999997,-0.39119163342003005,0.2733107280755136,0.0,-0.25642653920269165,0.9538993381846913,0.5,-143.78107370376514,-0.830382396941917,2.2878674248693436,-47,65000
cf1_sim,15.659999999999755,0.19970269821126427,0.7631820789123821,0.4,-152.3399999999997,-0.3969109279740214,0.2672482655214005,0.0,-0.2686401277446422,0.9517184871971318,0.5,-142.82625599304404,-0.8378044514328936,2.2874407477460337,-48,65000
cf1_sim,15.679999999999755,0.1916523601447115,0.7684034980916915,0.4,-151.37999999999965,-0.40251690332763973,0.26107095896546817,0.0,-0.2808234351778277,0.949327836724542,0.5,-141.8707427110581,-0.8443972675722954,2.287273134688718,-48,65000
cf1_sim,15.699999999999754,0.1834922146012835,0.7734991191357268,0.4,-150.41999999999967,-0.40800727717139945,0.25478105220176434,0.0,-0.29297244174961967,0.9467279550041056,0.5,-140.9145121505703,-0.8509594230758865,2.2870743306762376,-48,65000
cf1_sim,15.719999999999754,0.17522461835549538,0.7784667358210052,0.4,-149.45999999999967,-0.4133798122894069,0.24838083426392024,0.0,-0.30508313947666,0.9439194897005435,0.5,-139.95754241341996,-0.857490933311805,2.28684407959407,-48,65000
cf1_sim,15.739999999999753,0.16685197200638335,0.7833041885913123,0.4,-148.4999999999997,-0.4186323174556018,0.24187263851535395,0.0,-0.31715153372671784,0.9409031676568635,0.5,-138.99981140449557,-0.8639918170661138,2.286582126755218,-48,65000
cf1_sim,15.759999999999753,0.15837671904015097,0.7880093654257471,0.4,-147.53999999999965,-0.42376264831161997,0.23525884172173345,0.0,-0.32917364479525,0.9376797946135451,0.5,-138.0412968256473,-0.8704620965258657,2.2862882189373317,-47,65000
cf1_sim,15.779999999999752,0.14980134487563243,0.7925802026878684,0.4,-146.59999999999965,-0.4287687082259263,0.2285418631060702,0.0,-0.34114550947604283,0.9342502548962726,0.5,-137.08197616953854,-0.8776996951277296,2.2856558686854958,-48,65000
cf1_sim,15.799999999999752,0.14112837589295493,0.7970146859556049,0.4,-145.63999999999965,-0.43364844913387507,0.22172416338682135,0.0,-0.353063182625305,0.9306155110723413,0.5,-136.12182671343606,-0.8841087205216075,2.285295060091654,-48,65000
cf1_sim,15.819999999999752,0.1323603784457877,0.8013108508315926,0.4,-144.6799999999996,-0.4383998723583616,0.2148082437993851,0.0,-0.3649227387185866,0.9267766035758737,0.5,-135.16082551293664,-0.8904872169998405,2.2849015566624384,-48,65000
cf1_sim,15.839999999999751,0.12349995785757296,0.8054667837336202,0.4,-143.71999999999963,-0.44302102941073745,0.20779664510138052,0.0,-0.37672027339990166,0.9227346503019946,0.5,-134.1989493956297,-0.8968352200920613,2.2844751113888258,-48,65000
cf1_sim,15.85999999999975,0.11454975740213957,0.8094806226648624,0.4,-142.75999999999962,-0.4475100227716694,0.2006919465621102,0.0,-0.388451905022436,0.9184908461701287,0.5,-133.23617495469574,-0.9031527686404315,2.284015478907809,-48,65000
cf1_sim,15.87999999999975,0.10551245726910699,0.8133505579635946,0.4,-141.79999999999964,-0.4518650066516295,0.19349676493660908,0.0,-0.40011377618022403,0.9140464626565937,0.5,-132.27247854243825,-0.9094399047809267,2.2835224155382536,-48,65000
cf1_sim,15.89999999999975,0.09639077351449273,0.8170748330320884,0.4,-140.8399999999996,-0.4560841877307131,0.18621375342469057,0.0,-0.41170205523018255,0.9094028472966766,0.5,-131.3078362637502,-0.9156966739243835,2.2829956793165365,-48,65000
cf1_sim,15.91999999999975,0.08718745699694294,0.8206517450443965,0.4,-139.8799999999996,-0.46016582587748883,0.17884560061540575,0.0,-0.4232129378038928,0.9045614231563917,0.5,-130.34222396951316,-0.921923124737208,2.2824350300319582,-48,65000
cf1_sim,15.939999999999749,0.07790529230001109,0.8240796456327433,0.4,-138.9199999999996,-0.4641082348465931,0.17139502941733809,0.0,-0.434642648308528,0.89952368827413,0.5,-129.37561724992915,-0.9281193091217753,2.281840229261973,-48,65000
cf1_sim,15.959999999999749,0.06854709664091527,0.8273569415522465,0.4,-137.95999999999958,-0.46790978295479063,0.16386479597516143,0.0,-0.4459874414163245,0.8942912150724275,0.5,-128.40799142778494,-0.9342852821965398,2.281211040407118,-48,65000
cf1_sim,15.979999999999748,0.05911571876621065,0.8304820953237044,0.4,-136.99999999999957,-0.47156889373523087,0.15625768857289457,0.0,-0.4572436035420032,0.8888656497400801,0.5,-127.43932155164848,-0.9404211022758483,2.280547228725796,-48,65000
cf1_sim,15.999999999999748,0.049614037834817874,0.8334536258541902,0.4,-136.03999999999957,-0.4750840465696386,0.14857652652429096,0.0,-0.4684074543075497,0.8832487115848595,0.5,-126.46958238899725,-0.9465268308494085,2.2798485613687673,-48,65000
cf1_sim,16.019999999999747,0.040044962288854145,0.8362701090352064,0.4,-135.07999999999956,-0.4784537772981864,0.14082415905080753,0.0,-0.47947534799376784,0.8774421923570841,0.5,-125.4987484192786,-0.952602532561486,2.27911480741344,-48,65000
cf1_sim,16.039999999999747,0.03041142871271805,0.8389301783181584,0.4,-134.11999999999955,-0.48167667880680487,0.1330034641476011,0.0,-0.4904436749780271,0.871447955544316,0.5,-124.52679382690275,-0.9586482751897702,2.2783457378979013,-48,65000
cf1_sim,16.059999999999746,0.020716400680884116,0.8414325252669186,0.4,-133.1599999999995,-0.4847514015916965,0.12511734743800623,0.0,-0.5013088631576289,0.8652679356374668,0.5,-123.55369249416786,-0.9646641296239509,2.2775411258547473,-48,65000
cf1_sim,16.079999999999746,0.010962867594867583,0.8437759000872577,0.4,-132.19999999999953,-0.48767665430082663,0.11716874101695213,0.0,-0.5120673793582231,0.8589041373686064,0.5,-122.57941799411958,-0.97065016984393,2.2767007463446123,-48,65000
cf1_sim,16.099999999999746,0.0011538435098240579,0.8459591121329333,0.4,-131.23999999999953,-0.4904512042521763,0.10916060228378197,0.0,-0.5227157307267116,0.8523586349207745,0.5,-121.60394358334317,-0.9766064728977967,2.275824376489528,-48,65000
cf1_sim,16.119999999999745,-0.008707634048746919,0.8479810303882321,0.4,-130.27999999999955,-0.49307387792854884,0.10109591276494052,0.0,-0.5332504661080834,0.8456335711101184,0.5,-120.62724219469169,-0.9825331188794316,2.2749117955059592,-48,65000
cf1_sim,16.139999999999745,-0.018618505277721582,0.8498405839267722,0.4,-129.31999999999948,-0.49554356144873307,0.09297767692700162,0.0,-0.5436681774056282,0.8387311565406761,0.5,-119.64928642995034,-0.9884301909058207,2.273962784737653,-48,65000
cf1_sim,16.159999999999744,-0.028575689298018275,0.8515367623463824,0.4,-128.3599999999995,-0.4978592010148346,0.08480892098050971,0.0,-0.5539655009239899,0.8316536687321486,0.5,-118.6700485524382,-0.9942977750940521,2.2729771276881747,-48,65000
cf1_sim,16.179999999999744,-0.03857608536473021,0.8530686161798847,0.4,-127.3999999999995,-0.5000198033355966,0.07659269167511425,0.0,-0.5641391186945177,0.824403451221005,0.5,-117.6895004795496,-1.0001359605380002,2.271954610053254,-49,65000
cf1_sim,16.199999999999743,-0.04861657408524102,0.8544352572816143,0.4,-126.41999999999952,-0.5020244360255407,0.0683320550864784,0.0,-0.5741857597823885,0.8169829126352841,0.5,-116.70761377523671,-1.0051520861139027,2.2712460223856046,-49,65000
cf1_sim,16.219999999999743,-0.058694018644836386,0.8556358591895232,0.4,-125.43999999999953,-0.5038722279797684,0.060030095395447576,0.0,-0.5841022015749792,0.8093945257434592,0.5,-115.72435964243606,-1.010139641847201,2.2705039107196083,-49,65000
cf1_sim,16.239999999999743,-0.06880526603932186,0.8566696574627225,0.4,-124.45999999999948,-0.5055623697242738,0.05168991365996574,0.0,-0.5938852710509694,0.8016408264777468,0.5,-114.73970891544114,-1.0150987628782049,2.2697280374082425,-49,65000
cf1_sim,16.259999999999742,-0.07894714831415439,0.8575359499943271,0.4,-123.47999999999949,-0.5070941137416269,0.04331462658023073,0.0,-0.6035318460296735,0.7937244129322514,0.5,-113.75363205222412,-1.0200295875351317,2.268918167290597,-49,65000
cf1_sim,16.279999999999742,-0.08911648380959235,0.8582340972994787,0.4,-122.49999999999952,-0.508466774771898,0.034907365257582514,0.0,-0.6130388564000973,0.785647944336344,0.5,-112.76609912671017,-1.0249322573050095,2.2680740677280515,-49,65000
cf1_sim,16.29999999999974,-0.0993100784113664,0.8587635227784312,0.4,-121.51999999999947,-0.5096797300887023,0.026471273947620624,0.0,-0.6224032853292327,0.7774141400036862,0.5,-111.77707982100766,-1.0298069168041688,2.2671955086401985,-49,65000
cf1_sim,16.31999999999974,-0.1095247268063715,0.8591237129545921,0.4,-120.53999999999947,-0.5107324197502551,0.018009508808049378,0.0,-0.6316221704491041,0.7690257782573211,0.5,-110.78654341759866,-1.0346537137483525,2.2662822625403325,-49,65000
cf1_sim,16.33999999999974,-0.11975721374287823,0.8593142176874271,0.4,-119.55999999999948,-0.5116243468253368,0.009525236641751832,0.0,-0.6406926050220942,0.7604856953312575,0.5,-109.79445879149397,-1.0394727989224632,2.2653341045706656,-49,65000
cf1_sim,16.35999999999974,-0.13000431529475978,0.859334650360139,0.4,-118.57999999999944,-0.5123550775940772,0.0010216336355949596,0.0,-0.6496117390840832,0.7517967842489894,0.5,-108.80079440235757,-1.0442643261499371,2.264350812537167,-49,65000
cf1_sim,16.37999999999974,-0.14026280012922937,0.8591846880420484,0.4,-117.59999999999951,-0.5129242417234801,-0.007498115904529553,0.0,-0.6583767805649441,0.7429619936793974,0.5,-107.80551828660624,-1.0490284522617206,2.263332166944048,-49,65000
cf1_sim,16.39999999999974,-0.15052943077758169,0.85886407162561,0.4,-116.61999999999946,-0.5133315324176162,-0.016030820821922923,0.0,-0.6669849963859469,0.7339843267704901,0.5,-106.80859804949017,-1.0537653370649147,2.2622779510278885,-49,65000
cf1_sim,16.41999999999974,-0.1608009649084302,0.858372605938009,0.4,-115.63999999999947,-0.5135767065424262,-0.024573284380048223,0.0,-0.6754337135336335,0.7248668399614508,0.5,-105.81000085716013,-1.0584751433110111,2.2611879507914066,-49,65000
cf1_sim,16.43999999999974,-0.17107415660293185,0.8577101598272941,0.4,-114.6599999999995,-0.5136595847250826,-0.03312230553574232,0.0,-0.6837203201097326,0.7156126417734658,0.5,-104.80969342873026,-1.0631580366638087,2.260061955036853,-49,65000
cf1_sim,16.459999999999738,-0.18134575763148927,0.856876666223011,0.4,-113.67999999999945,-0.5135800514278718,-0.041674680214161715,0.0,-0.691842266356699,0.7062248915798159,0.5,-103.80764202834214,-1.067814185666883,2.2588997553990486,-49,65000
cf1_sim,16.479999999999738,-0.1916125187314206,0.8558721221713119,0.4,-112.69999999999945,-0.5133380549965668,-0.050227202584952245,0.0,-0.6997970656584618,0.6967067983557236,0.5,-102.80381245723942,-1.0724437617108185,2.2577011463780225,-49,65000
cf1_sim,16.499999999999737,-0.201871190885086,0.8546965888445293,0.4,-111.71999999999946,-0.5129336076832705,-0.05877666633913257,0.0,-0.7075822955159867,0.6870616194084556,0.5,-101.79817004586195,-1.0770469389999733,2.2564659253712898,-50,65000
cf1_sim,16.519999999999737,-0.21211852659796043,0.8533501915252056,0.4,-110.71999999999943,-0.5123667856437205,-0.0673198659661805,0.0,-0.7151955984972609,0.6772926590881889,0.5,-100.79067964596933,-1.0808366174646655,2.255571313268342,-50,65000
cf1_sim,16.539999999999736,-0.2223512811761416,0.8518331195645894,0.4,-109.71999999999943,-0.5116377289090585,-0.07585359803081172,0.0,-0.7226346831613205,0.6674032674801545,0.5,-99.78130562280406,-1.0846010349673745,2.2546425954155023,-50,65000
cf1_sim,16.559999999999736,-0.23256621400278307,0.8501456263156106,0.4,-108.71999999999946,-0.5107466413320724,-0.08437466244894007,0.0,-0.7298973249559515,0.6573968390785818,0.5,-98.77001184730544,-1.0883404113553459,2.253679551464344,-50,65000
cf1_sim,16.579999999999735,-0.24276008981294178,0.8482880290403645,0.4,-107.7199999999994,-0.509693790507936,-0.09287986376230928,0.0,-0.7369813670887068,0.6472768114429744,0.5,-97.75676168838757,-1.092054969438079,2.2526819643742457,-50,65000
cf1_sim,16.599999999999735,-0.2529296799663313,0.8462607087921388,0.4,-106.71999999999946,-0.5084795076694751,-0.10136601241128641,0.0,-0.7438847213708903,0.6370466638372545,0.5,-96.74151800529319,-1.0957449349468111,2.2516496204475214,-50,65000
cf1_sim,16.619999999999735,-0.2630717637174714,0.8440641102720327,0.4,-105.71999999999943,-0.5071041875570045,-0.10982992600530797,0.0,-0.7506053690341714,0.6267099158523185,0.5,-95.72424314003851,-1.099410536493602,2.2505823093640855,-50,65000
cf1_sim,16.639999999999734,-0.2731831294827271,0.8416987416602233,0.4,-104.71999999999944,-0.5055682882627854,-0.11826843059047057,0.0,-0.7571413615195028,0.6162701260125564,0.5,-94.7048989099637,-1.1030520055300161,2.2494798242156113,-50,65000
cf1_sim,16.659999999999734,-0.28326057610373045,0.8391651744219482,0.4,-103.71999999999946,-0.5038723310501682,-0.12667836191375934,0.0,-0.7634908212380287,0.6057308903668899,0.5,-93.68344660040569,-1.1066695763053995,2.2483419615392073,-50,65000
cf1_sim,16.679999999999733,-0.29330091410668024,0.83646404308828,0.4,-102.71999999999942,-0.5020169001474907,-0.13505656668340849,0.0,-0.7696519423036767,0.5950958410648939,0.5,-92.6598469575099,-1.110263485824785,2.247168521350584,-50,65000
cf1_sim,16.699999999999733,-0.3033009669570166,0.8335960450117822,0.4,-101.71999999999942,-0.5000026425168159,-0.14339990382488993,0.0,-0.7756229912371433,0.5843686449185708,0.5,-91.63406018120091,-1.1138339738063903,2.2459593071766912,-50,65000
cf1_sim,16.719999999999732,-0.3132575723089686,0.8305619400971417,0.4,-100.71999999999944,-0.4978302675976006,-0.1517052457320278,0.0,-0.7814023076409898,0.5735530019503503,0.5,-90.60604591833017,-1.1173812826387446,2.2447141260878887,-51,65000
cf1_sim,16.739999999999732,-0.3231675832494766,0.8273625505068869,0.4,-99.69999999999945,-0.4955005470253979,-0.15996947951273843,0.0,-0.7869883048455814,0.5626526439278985,0.5,-89.57576325602369,-1.120122483289642,2.2438239219303484,-51,65000
cf1_sim,16.75999999999973,-0.33302786953599073,0.8239987603423089,0.4,-98.67999999999947,-0.49301431432570697,-0.16818950822889772,0.0,-0.7923794705256088,0.5516713328863183,0.5,-88.54317071525124,-1.1228417799826798,2.242899547312036,-51,65000
cf1_sim,16.77999999999973,-0.34283531882765256,0.8204715152997121,0.4,-97.65999999999948,-0.4903724645830907,-0.17636225212983997,0.0,-0.7975743672869485,0.5406128596383354,0.5,-87.5082262446416,-1.1255394599317485,2.2419407970791103,-51,65000
cf1_sim,16.79999999999973,-0.35258683790936646,0.8167818223021321,0.4,-96.63999999999949,-0.48757595408569526,-0.18448464987899496,0.0,-0.8025716332236263,0.529481042273062,0.5,-86.47088721456971,-1.128215813110915,2.240947470123526,-51,65000
cf1_sim,16.81999999999973,-0.3622793539082727,0.8129307491066687,0.4,-95.61999999999945,-0.484625799945313,-0.19255365977317285,0.0,-0.8073699824446621,0.5182797246439417,0.5,-85.43111041154295,-1.1308711322029357,2.2399193694170325,-51,65000
cf1_sim,16.83999999999973,-0.37190981550213553,0.8089194238875885,0.4,-94.59999999999945,-0.4815230796931407,-0.20056626095400906,0.0,-0.8119682055705846,0.5070127748464769,0.5,-84.38885203291531,-1.1335057125473778,2.2388563020445047,-51,65000
cf1_sim,16.85999999999973,-0.3814751941191634,0.8047490347953669,0.4,-93.57999999999947,-0.4782689308513949,-0.20851945461108487,0.0,-0.8163651701994213,0.49568408368634914,0.5,-83.34406768196123,-1.1361198520882885,2.23775807923669,-51,65000
cf1_sim,16.87999999999973,-0.3909724851287825,0.800420829491842,0.4,-92.55999999999948,-0.47486455048095605,-0.21641026517624265,0.0,-0.820559821341972,0.4842975631385448,0.5,-82.29671236334076,-1.1387138513215345,2.236624516402205,-51,65000
cf1_sim,16.89999999999973,-0.40039870902288693,0.7959361146616697,0.4,-91.5399999999995,-0.4713111947052217,-0.2242357415086179,0.0,-0.8245511818261976,0.47285714479810054,0.5,-81.24674047899217,-1.1412880132416674,2.2354554331589553,-51,65000
cf1_sim,16.919999999999728,-0.4097509125870941,0.7912962555002714,0.4,-90.51999999999946,-0.4676101782103597,-0.23199295806991446,0.0,-0.8283383526705602,0.4613667783230893,0.5,-80.19410582448738,-1.1438426432884814,2.2342506533648385,-52,65000
cf1_sim,16.939999999999728,-0.41902617006153736,0.7865026751784824,0.4,-89.47999999999946,-0.46376287372216113,-0.23967901608945283,0.0,-0.8319205134261659,0.4498304298704688,0.5,-79.13876158589076,-1.1455985119312289,2.233410030525581,-52,65000
cf1_sim,16.959999999999727,-0.4282215842907314,0.7815568542841119,0.4,-88.43999999999949,-0.459770711459702,-0.24729104471852548,0.0,-0.8352969224875741,0.4382520805254172,0.5,-78.08066033716159,-1.147336217792837,2.232534856710432,-52,65000
cf1_sim,16.979999999999727,-0.4373342878620521,0.77646033024064,0.4,-87.39999999999945,-0.4556351785660328,-0.25482620217359797,0.0,-0.8384669173721502,0.4266357247247849,0.5,-77.01975403814426,-1.1490561104169847,2.2316249496327827,-52,65000
cf1_sim,16.999999999999726,-0.44636144423237456,0.771214696703282,0.4,-86.35999999999946,-0.45135781851612305,-0.26228167686789833,0.0,-0.8414299149678479,0.4149853686752917,0.5,-75.95599403319267,-1.1507585418099322,2.2306801318277354,-52,65000
cf1_sim,17.019999999999726,-0.4553002488424205,0.7658216029326632,0.4,-85.31999999999948,-0.44694023050229764,-0.2696546885309424,0.0,-0.8441854117493258,0.4033050287671015,0.5,-74.88933105047688,-1.152443866377175,2.2297002306834237,-52,65000
cf1_sim,17.039999999999726,-0.4641479302183687,0.7602827531463523,0.4,-84.27999999999943,-0.44238406879741127,-0.2769424893155473,0.0,-0.8467329839623102,0.39159872998341055,0.5,-73.81971520202416,-1.154112440859708,2.2286850784714645,-52,65000
cf1_sim,17.059999999999725,-0.472901751060289,0.7545999058485144,0.4,-83.23999999999945,-0.43769104209601495,-0.2841423648918908,0.0,-0.8490722877761308,0.3798705043066821,0.5,-72.74709598454838,-1.1557646242699235,2.2276345123766195,-52,65000
cf1_sim,17.079999999999725,-0.48155900931696455,0.7487748731379509,0.4,-82.19999999999946,-0.432862912833779,-0.29125163552817823,0.0,-0.8512030594043689,0.36812438912216683,0.5,-71.67142228112465,-1.157400777827135,2.226548374525618,-53,65000
cf1_sim,17.099999999999724,-0.49011703924667344,0.7428095199948012,0.4,-81.13999999999943,-0.4279014964854435,-0.29826765715748554,0.0,-0.8531251151935715,0.35636442561934617,0.5,-70.59264236376946,-1.1582443738989625,2.2258309511696455,-53,65000
cf1_sim,17.119999999999724,-0.498573212463505,0.7367057635461941,0.4,-80.07999999999944,-0.4228086608415785,-0.3051878224303518,0.0,-0.8548383516799942,0.34459465719193816,0.5,-69.5107038969895,-1.1590733356491432,2.2250785049504826,-53,65000
cf1_sim,17.139999999999723,-0.5069249389687939,0.7304655723111401,0.4,-79.01999999999941,-0.41758632526444145,-0.3120095617526998,0.0,-0.8563427456143526,0.3328191278371042,0.5,-68.42555394236554,-1.1598880677583567,2.224290877740209,-53,65000
cf1_sim,17.159999999999723,-0.5151696681672585,0.7240909654249666,0.4,-77.95999999999943,-0.41223645992323155,-0.31873034430867025,0.0,-0.8576383539545702,0.32104188055449856,0.5,-67.33713896424078,-1.1606889770555342,2.223467917001717,-53,65000
cf1_sim,17.179999999999723,-0.5233048898674394,0.7175840118436074,0.4,-76.89999999999944,-0.40676108500904457,-0.32534767906796014,0.0,-0.8587253138265295,0.30926695574579816,0.5,-66.24540483658669,-1.1614764724423094,2.222609475816772,-53,65000
cf1_sim,17.199999999999722,-0.5313281352660363,0.7109468295280622,0.4,-75.8399999999994,-0.40116226992984416,-0.3318591157772627,0.0,-0.8596038424528393,0.2974983896153546,0.5,-65.15029685112322,-1.1622509648171422,2.2217154129130163,-53,65000
cf1_sim,17.21999999999972,-0.5392369779157516,0.704181584609354,0.4,-74.77999999999942,-0.3954421324857703,-0.3382622459354124,0.0,-0.8602742370496488,0.2857402125726063,0.5,-64.05175972677242,-1.163012866999074,2.220785592689985,-54,65000
cf1_sim,17.23999999999972,-0.547029034676254,0.6972904905343171,0.4,-73.69999999999938,-0.3896028380251153,-0.34455470375184516,0.0,-0.8607368746915501,0.27399644763688985,0.5,-62.94973762053024,-1.1629876594504316,2.2202259797760995,-54,65000
cf1_sim,17.25999999999972,-0.5547019666478801,0.6902758071925573,0.4,-72.61999999999945,-0.3836465985813047,-0.35073416708799043,0.0,-0.8609922121446225,0.2622711088452884,0.5,-61.844174139842714,-1.1629512502473296,2.2196306003714192,-54,65000
cf1_sim,17.27999999999972,-0.5622534800877046,0.683139840024933,0.4,-71.53999999999941,-0.3775756719912282,-0.3567983583812186,0.0,-0.8610407856676865,0.25056819966415317,0.5,-60.735012356578,-1.162904095175553,2.218999324497114,-54,65000
cf1_sim,17.29999999999972,-0.5696813273076101,0.6758849391139135,0.4,-70.45999999999944,-0.3713923609952736,-0.3627450455509746,0.0,-0.8608832107818487,0.2388917114049327,0.5,-59.62219482268932,-1.1628466517982674,2.21833202855251,-54,65000
cf1_sim,17.31999999999972,-0.5769833075539986,0.6685134982561788,0.4,-69.37999999999946,-0.36509901231942277,-0.3685720428867349,0.0,-0.8605201820084265,0.22724562164494433,0.5,-58.50566358766681,-1.1627793793676269,2.2176285953387995,-54,65000
cf1_sim,17.33999999999972,-0.5841572678687942,0.6610279540178301,0.4,-68.29999999999941,-0.35869801573977794,-0.3742772119174336,0.0,-0.8599524725753631,0.21563389265371743,0.5,-57.38536021788074,-1.162702738735982,2.2168889140814563,-55,65000
cf1_sim,17.35999999999972,-0.591201103931392,0.6534307847725899,0.4,-67.19999999999943,-0.3521918031298917,-0.379858462262009,0.0,-0.8591809340922445,0.20406046982553902,0.5,-56.26122581792289,-1.1618435521247237,2.2165185753888657,-55,65000
cf1_sim,17.37999999999972,-0.5981127608812177,0.6457245097233753,0.4,-66.09999999999944,-0.3455828474912815,-0.3853137524607311,0.0,-0.8582064961940552,0.19252928011882695,0.5,-55.13320105405538,-1.1609763491379257,2.21611145096582,-55,65000
cf1_sim,17.399999999999718,-0.604890234120568,0.6379116879076356,0.4,-64.99999999999942,-0.3388736619675172,-0.39064109078697784,0.0,-0.8570301661538096,0.1810442305029552,0.5,-54.00122617988099,-1.160101633292412,2.21566744134747,-55,65000
cf1_sim,17.419999999999717,-0.6115315700974134,0.629994917186853,0.4,-63.89999999999944,-0.33206679884227525,-0.39583853603913516,0.0,-0.8556530284642192,0.16960920641315225,0.5,-52.86524106435285,-1.1592199094711966,2.215186454248855,-55,65000
cf1_sim,17.439999999999717,-0.6180348670678486,0.6219768332206069,0.4,-62.79999999999945,-0.3251648485217604,-0.40090419831230384,0.0,-0.854076244388561,0.15822807021408936,0.5,-51.72518522224318,-1.1583316838214461,2.2146684045833336,-55,65000
cf1_sim,17.459999999999717,-0.6243982758378867,0.6138601084256168,0.4,-61.69999999999942,-0.3181704385019022,-0.4058362397495057,0.0,-0.8523010514809258,0.14690465967277364,0.5,-50.580997847197125,-1.1574374636522398,2.214113214479568,-56,65000
cf1_sim,17.479999999999716,-0.6306200004843014,0.605647450920175,0.4,-60.57999999999944,-0.3110862323207386,-0.41063287527208764,0.0,-0.8503287630760429,0.1356427864413554,0.5,-49.43261784749861,-1.1557650223623213,2.213924386269237,-56,65000
cf1_sim,17.499999999999716,-0.6366982990542296,0.5973416034543944,0.4,-59.459999999999454,-0.30391492849640694,-0.41529237328903196,0.0,-0.8481607677488805,0.12444623455045778,0.5,-48.279983884678366,-1.154087903237012,2.213697382390114,-56,65000
cf1_sim,17.519999999999715,-0.6426314842432529,0.5889453423266966,0.4,-58.33999999999942,-0.2966592594511651,-0.4198130563848897,0.0,-0.8457985287442433,0.11331875891362828,0.5,-47.12303441509924,-1.1524066559749016,2.2134321422283985,-56,65000
cf1_sim,17.539999999999715,-0.6484179240516904,0.5804614762869754,0.4,-57.219999999999445,-0.2893219904218754,-0.42419330198606114,0.0,-0.8432435833765912,0.10226408384351307,0.5,-45.96170773465353,-1.150721831096198,2.2131286131799537,-56,65000
cf1_sim,17.559999999999715,-0.6540560424188381,0.5718928454268722,0.4,-56.09999999999946,-0.2819059183573848,-0.428431543005158,0.0,-0.8404975424003234,0.09128590158034436,0.5,-44.79594202671167,-1.149033979826143,2.212786750661192,-57,65000
cf1_sim,17.579999999999714,-0.6595443198349029,0.5632423200576084,0.4,-54.95999999999943,-0.2744138708032442,-0.4325262684631887,0.0,-0.8375620893507776,0.08038787083333052,0.5,-43.625675413461636,-1.146571308531167,2.212806881810947,-57,65000
cf1_sim,17.599999999999714,-0.6648812939303872,0.5545127995758221,0.4,-53.81999999999945,-0.2668487047742114,-0.43647602408931896,0.0,-0.8344389798562097,0.06957361533553194,0.5,-42.450846010781056,-1.1441068679093118,2.2127871634863228,-57,65000
cf1_sim,17.619999999999713,-0.670065560042687,0.5457072113178628,0.4,-52.67999999999947,-0.25921330561498984,-0.4402794128979672,0.0,-0.8311300409210289,0.058846722412799174,0.5,-41.27139198678399,-1.141641251545974,2.2127275739053496,-57,65000
cf1_sim,17.639999999999713,-0.6750957717596802,0.5368285094030028,0.4,-51.53999999999944,-0.2515105858496577,-0.4439350957430041,0.0,-0.8276371701805743,0.048210741567346005,0.5,-40.08725162418497,-1.139175053281922,2.2126281001337245,-57,65000
cf1_sim,17.659999999999712,-0.6799706414400851,0.527879673566026,0.4,-50.39999999999946,-0.2437434840202483,-0.4474417918488355,0.0,-0.8239623351277348,0.03766918307652417,0.5,-38.89836338662272,-1.1367088670815106,2.2124887380874383,-58,65000
cf1_sim,17.679999999999712,-0.684688940710384,0.518863707979663,0.4,-49.23999999999948,-0.23591496351494598,-0.45079827931815497,0.0,-0.8201075723117175,0.027225516607357947,0.5,-37.70466598908324,-1.1334709761201736,2.212705283341362,-58,65000
cf1_sim,17.69999999999971,-0.6892495009381113,0.5097836400673397,0.4,-48.07999999999945,-0.22802801138636566,-0.45400339561616465,0.0,-0.8160749865092896,0.016883169847394464,0.5,-36.506098472562954,-1.1302343004567799,2.2128799686844527,-58,65000
cf1_sim,17.71999999999971,-0.6936512136813191,0.5006425193067183,0.4,-46.919999999999476,-0.22008563716038976,-0.45705603803106937,0.0,-0.811866749868821,0.006645527152414954,0.5,-35.302600283106,-1.1269994763578028,2.2130128185123006,-58,65000
cf1_sim,17.73999999999971,-0.6978930311140399,0.4914434160245051,0.4,-45.759999999999444,-0.21209087163603751,-0.4599551641106608,0.0,-0.8074851010274766,-0.0034840717884511707,0.5,-34.09411135534934,-1.123767139640631,2.213103866919592,-58,65000
cf1_sim,17.75999999999971,-0.7019739664275768,0.48218942018300875,0.4,-44.59999999999947,-0.2040467656768478,-0.46269979207481693,0.0,-0.8029323442019054,-0.013502333269676703,0.5,-32.88057220070115,-1.1205379255258128,2.213153157691988,-59,65000
cf1_sim,17.77999999999971,-0.7058930942074619,0.4728836401589337,0.4,-43.41999999999948,-0.19595638899425807,-0.46528900120375205,0.0,-0.7982108482527941,-0.02340601086782501,0.5,-31.661924000274944,-1.1165398615973001,2.21355062508138,-59,65000
cf1_sim,17.79999999999971,-0.7096495507859313,0.46352920151489646,0.4,-42.23999999999946,-0.18782282892346636,-0.46772193220186165,0.0,-0.7933230457236593,-0.03319190672105754,0.5,-30.438108702691434,-1.1125460768438966,2.213903933001993,-59,65000
cf1_sim,17.81999999999971,-0.7132425345697766,0.45412924576415614,0.4,-41.059999999999484,-0.1796491891922656,-0.4699977875370172,0.0,-0.7882714318542626,-0.0428568727891489,0.5,-29.209069126853162,-1.1085572486096762,2.214213159490067,-59,65000
cf1_sim,17.83999999999971,-0.7166713063434434,0.4446869291290526,0.4,-39.87999999999945,-0.17143858868334308,-0.47211583175517546,0.0,-0.7830585635690426,-0.05239781209350647,0.5,-27.97474906978591,-1.1045740529332313,2.214478393130372,-60,65000
cf1_sim,17.859999999999708,-0.7199351895472542,0.4352054212936491,0.4,-38.679999999999474,-0.16319416019053934,-0.4740753917701757,0.0,-0.7776870584409712,-0.061811679936698505,0.5,-26.73509341962852,-1.0998240213011725,2.2150837789845523,-60,65000
cf1_sim,17.879999999999708,-0.7230335705306455,0.4256879041510769,0.4,-37.47999999999945,-0.15491904916956473,-0.47587585712861,0.0,-0.7721595936312471,-0.07109548510100372,0.5,-25.490048273839378,-1.0950807127307483,2.2156423392532507,-60,65000
cf1_sim,17.899999999999707,-0.725965898780319,0.4161375705460837,0.4,-36.279999999999475,-0.1466164124836725,-0.47751668024966,0.0,-0.7664789048052504,-0.08024629102550374,0.5,-24.239561062672593,-1.0903448456259657,2.2161542019515057,-60,65000
cf1_sim,17.919999999999707,-0.7287316871232148,0.4065576230132876,0.4,-35.079999999999444,-0.13828941714479048,-0.47899737663980485,0.0,-0.7606477850251954,-0.089261216961247,0.5,-22.983580677957878,-1.0856171362420617,2.216619506507386,-60,65000
cf1_sim,17.939999999999706,-0.731330511904227,0.3969512725116413,0.4,-33.87999999999947,-0.12994123905061478,-0.48031752508231446,0.0,-0.7546690836199201,-0.098137439104024,0.5,-21.722057607200192,-1.080898298503899,2.2170384037261943,-61,65000
cf1_sim,17.959999999999706,-0.7337620131385905,0.38732173715561224,0.4,-32.65999999999944,-0.12157506171817012,-0.4814767678014518,0.0,-0.7485457050322698,-0.10687219170430007,0.5,-20.45494407299272,-1.0754149557996056,2.2177865814954822,-61,65000
cf1_sim,17.979999999999706,-0.7360258946388774,0.37767224094358587,0.4,-31.43999999999947,-0.11319407501434409,-0.4824748106013198,0.0,-0.7422806076445321,-0.11546276815386286,0.5,-19.182194177711942,-1.0699415469892335,2.2184851367073954,-61,65000
cf1_sim,17.999999999999705,-0.7381219241165554,0.36800601248399994,0.4,-30.219999999999445,-0.10480147388390215,-0.483311422979296,0.0,-0.7358768025823955,-0.12390652204875019,0.5,-17.90376405343925,-1.0644788277818615,2.219134265432905,-62,65000
cf1_sim,18.019999999999705,-0.7400499332580652,0.3583262837197197,0.4,-28.97999999999947,-0.09640045707549263,-0.4839864382140111,0.0,-0.7293373524979107,-0.13220086822803362,0.5,-16.61961201702261,-1.0582526526522384,2.2201037110747035,-62,65000
cf1_sim,18.039999999999704,-0.7418098177753882,0.348636288651163,0.4,-27.739999999999444,-0.08799422586615104,-0.4844997534278352,0.0,-0.7226653703319394,-0.1403432837880425,0.5,-15.329698730162168,-1.0520381561183265,2.22102009113243,-62,65000
cf1_sim,18.059999999999704,-0.7434015374310845,0.338939262058686,0.4,-26.49999999999947,-0.07958598278481364,-0.4848513296238475,0.0,-0.7158640180565893,-0.148331309071624,0.5,-14.033987364368981,-1.0458361364391473,2.221883651495636,-62,65000
cf1_sim,18.079999999999703,-0.7448251160377916,0.3292384382247405,0.4,-25.259999999999447,-0.07117893033535108,-0.4850411916972747,0.0,-0.7089365053981346,-0.1561625486320431,0.5,-12.732443770611441,-1.039647387596781,2.222694651167995,-63,65000
cf1_sim,18.099999999999703,-0.7460806414321842,0.3195370496563127,0.4,-23.999999999999474,-0.06277626971963245,-0.485069428421393,0.0,-0.7018860885409373,-0.16383467217113795,0.5,-11.425036653423195,-1.0326965044932945,2.223813976752834,-63,65000
cf1_sim,18.119999999999703,-0.7471682654234069,0.3098383258081547,0.4,-22.73999999999945,-0.05438119956113063,-0.4849361924079004,0.0,-0.6947160688128846,-0.17134541545135562,0.5,-10.111737749207242,-1.02575984878711,2.2248767271813805,-63,65000
cf1_sim,18.139999999999702,-0.7480882037159985,0.3001454918073192,0.4,-21.479999999999478,-0.04599691462957931,-0.48464170004177476,0.0,-0.6874297913528711,-0.17869258118130465,0.5,-8.792522008426497,-1.0188382568142857,2.2258832164360154,-63,65000
cf1_sim,18.1599999999997,-0.7488407358073423,0.29046176717950634,0.4,-20.219999999999455,-0.03762660456719169,-0.4841862313906435,0.0,-0.6800306437608559,-0.18587403987446918,0.5,-7.467367781325231,-1.011932559326315,2.2268337724192677,-64,65000
cf1_sim,18.1799999999997,-0.7494262048596814,0.2807903645777323,0.4,-18.939999999999433,-0.029273452616950225,-0.48357013008870176,0.0,-0.6725220547310395,-0.1928877306807437,0.5,-6.136257006778254,-1.004265896013992,2.2280794275208415,-64,65000
cf1_sim,18.1999999999997,-0.7498450175467509,0.2711344885138278,0.4,-17.65999999999946,-0.02094063435347616,-0.48279380319522563,0.0,-0.664907492668703,-0.1997316621904542,0.5,-4.7991754038147505,-0.9966160640636712,2.229264777664766,-64,65000
cf1_sim,18.2199999999997,-0.7500976438750907,0.2614973340932731,0.4,-16.37999999999944,-0.012631316416986149,-0.4818577210277364,0.0,-0.657190464291265,-0.20640391321054663,0.5,-3.456112665311618,-0.9889839361222511,2.2303902108137383,-65,65000
cf1_sim,18.2399999999997,-0.7501846169801075,0.25188208575387544,0.4,-15.079999999999469,-0.004348655250842437,-0.4807624169698834,0.0,-0.6493745132141178,-0.21290263351263103,0.5,-2.1070626532982537,-0.9805913928693443,2.231798556534874,-65,65000
cf1_sim,18.2599999999997,-0.7501065328969716,0.242291916008793,0.4,-13.779999999999449,0.003904204156798558,-0.4795084872541224,0.0,-0.6414632185218042,-0.21922604455258385,0.5,-0.7520235952602873,-0.9722174569519894,2.233142231197169,-65,65000
cf1_sim,18.2799999999997,-0.7498640503064369,0.2327299841944075,0.4,-12.479999999999427,0.012124129526736145,-0.4780965907192757,0.0,-0.6334601933251127,-0.22537244016142058,0.5,0.609001719225885,-0.9638630433672588,2.2344216872650375,-65,65000
cf1_sim,18.2999999999997,-0.7494578902556894,0.22319943522354604,0.4,-11.179999999999456,0.020308002537372215,-0.47652744854307233,0.0,-0.6253690833046635,-0.2313401872071625,0.5,1.9760057422512074,-0.9555290586605775,2.235637392708917,-66,65000
cf1_sim,18.3199999999997,-0.7488888358543343,0.21370339834455057,0.4,-9.859999999999438,0.028452720067755764,-0.47480184394977404,0.0,-0.6171935652415694,-0.23712772622743455,0.5,3.3489759725040074,-0.9464355560181176,2.2371203354711655,-66,65000
cf1_sim,18.339999999999698,-0.7481577319456437,0.20424498590669046,0.4,-8.539999999999468,0.03655519543452808,-0.47292062189300516,0.0,-0.608937345535763,-0.24273357203254048,0.5,4.727894762206652,-0.9373633948746489,2.2385344487803946,-66,65000
cf1_sim,18.359999999999697,-0.7472654847531982,0.1948272921324122,0.4,-7.219999999999449,0.04461235962227376,-0.4708846887139129,0.0,-0.6006041587125773,-0.2481563142787749,0.5,6.112739126947368,-0.9283135231108252,2.239880269971891,-67,65000
cf1_sim,18.379999999999697,-0.7462130615030625,0.18545339189691631,0.4,-5.879999999999431,0.05262116250678564,-0.468695011774795,0.0,-0.5921977659181825,-0.25339461801174457,0.5,7.503480559347663,-0.9185045104955405,2.241479107618946,-67,65000
cf1_sim,18.399999999999697,-0.7450014900216475,0.1761263395155495,0.4,-4.539999999999464,0.06057857407075449,-0.4663526190683408,0.0,-0.5837219534044776,-0.2584472241794804,0.5,8.900084847556522,-0.9087186968087985,2.2430042176765963,-67,65000
cf1_sim,18.419999999999696,-0.7436318583094196,0.16684916753949663,0.4,-3.1999999999994446,0.06848158561139717,-0.46385859880264335,0.0,-0.5751805310040452,-0.2633129501151363,0.5,10.302511899608444,-0.8989570713486307,2.244456211100568,-68,65000
cf1_sim,18.439999999999696,-0.7421053140906287,0.1576248855602537,0.4,-1.8399999999994276,0.07632721093954051,-0.4612140989621475,0.0,-0.5665773305957789,-0.26799068998908265,0.5,11.710715574725608,-0.8884366127185376,2.24614597542297,-68,65000
cf1_sim,18.459999999999695,-0.7404230643392351,0.14845647902335948,0.4,-0.47999999999946125,0.08411248756968119,-0.45842032684471007,0.0,-0.5579162045617967,-0.2724794152302139,0.5,13.124643522682469,-0.8779412658551675,2.2477568422787826,-68,65000
cf1_sim,18.479999999999695,-0.7385863747812241,0.13934690805186034,0.4,0.8800000000005481,0.09183447790054598,-0.4554785485749577,0.0,-0.54920102423626,-0.27677817491630097,0.5,14.544237032383808,-0.8674720613770144,2.249289500403057,-68,65000
cf1_sim,18.499999999999694,-0.7365965693735105,0.13029910627997762,0.4,2.2400000000005478,0.09949027038567992,-0.4523900885941363,0.0,-0.5404356783467161,-0.2808860961332358,0.5,15.969430890833033,-0.8570300160561847,2.250744656061724,-69,65000
cf1_sim,18.519999999999694,-0.7344550297596386,0.12131597969744447,0.4,3.6200000000005486,0.10707698069359459,-0.4491563291266575,0.0,-0.5316240714485895,-0.2848023843030212,0.5,17.40015325368737,-0.8458299416941483,2.252418420353317,-69,65000
cf1_sim,18.539999999999694,-0.7321631947024984,0.11240040550497339,0.4,5.000000000000548,0.11459175285701242,-0.4457787096235539,0.0,-0.5227701223534488,-0.28852632348037854,0.5,18.836325528606633,-0.8346580074857144,2.2540086215575568,-69,65000
cf1_sim,18.559999999999693,-0.7297225594942834,0.10355523098131203,0.4,6.380000000000547,0.12203176041074751,-0.44225872618306783,0.0,-0.5138777625516774,-0.29205727661785347,0.5,20.277862272605297,-0.8235152694752705,2.255516047993733,-69,65000
cf1_sim,18.579999999999693,-0.7271346753439281,0.09478327236233997,0.4,7.760000000000548,0.12939420751776776,-0.43859793094860317,0.0,-0.5049509346301784,-0.2953946857993143,0.5,21.72467110460947,-0.8124027675093339,2.256941505809492,-70,65000
cf1_sim,18.599999999999692,-0.7244011487422682,0.0860873137326543,0.4,9.160000000000549,0.1366763300829884,-0.4347979314842834,0.0,-0.49599359068574933,-0.29853807244175085,0.5,23.176652634403084,-0.8005331856451848,2.2585653950557343,-70,65000
cf1_sim,18.619999999999692,-0.7215236408051812,0.07747010593008702,0.4,10.56000000000055,0.14387539685435108,-0.4308603901283642,0.0,-0.48700969073475797,-0.3014870374652925,0.5,24.63370040911855,-0.7886948923232608,2.2601009910428336,-70,65000
cf1_sim,18.63999999999969,-0.7185038665949662,0.06893436546359183,0.4,11.960000000000548,0.15098871051074841,-0.42678702332475954,0.0,-0.47800320111975947,-0.3042412614313793,0.5,26.09570087838688,-0.7768889641640416,2.2615491858556496,-71,65000
cf1_sim,18.65999999999969,-0.7153435944202391,0.06048277344493283,0.4,13.380000000000548,0.1580136087363591,-0.4225796009329498,0.0,-0.46897809291368936,-0.30680050464903075,0.5,27.562533379210162,-0.7643265075566346,2.2631778276793004,-71,65000
cf1_sim,18.67999999999969,-0.7120446451146198,0.05211797453460191,0.4,14.80000000000055,0.16494746528096368,-0.41823994551654614,0.0,-0.45993834032227227,-0.3091646072491694,0.5,29.034070141554274,-0.7517975316766045,2.26471243518224,-71,65000
cf1_sim,18.69999999999969,-0.7086088912945036,0.04384257590238595,0.4,16.220000000000546,0.1717876910058171,-0.41376993161079795,0.0,-0.45088791908528597,-0.31133348922697196,0.5,30.510176315583017,-0.7393031489747165,2.2661539898597063,-71,65000
cf1_sim,18.71999999999969,-0.7050382565962103,0.03565914620299926,0.4,17.640000000000548,0.17853173491465996,-0.40917148496933453,0.0,-0.4418308048773192,-0.31330715045223,0.5,31.990710021364627,-0.7268444508367112,2.2675034914724113,-72,65000
cf1_sim,18.73999999999969,-0.7013347148928212,0.027570214567190388,0.4,19.080000000000545,0.18517708516945602,-0.40444658179044357,0.0,-0.4327709717086642,-0.3150856706477172,0.5,33.475522421780056,-0.7136305164119812,2.2690111998935385,-72,65000
cf1_sim,18.75999999999969,-0.6975002894910122,0.019578269608726478,0.4,20.52000000000055,0.19172127009044976,-0.3995972479231955,0.0,-0.42371239032698366,-0.31666920933557235,0.5,34.96445781924752,-0.7004534850966437,2.2704199853353315,-72,65000
cf1_sim,18.77999999999969,-0.6935370523082093,0.011685758447651844,0.4,21.96000000000055,0.19816185914014423,-0.39462555805373173,0.0,-0.414659026620391,-0.31805800575172,0.5,36.45735377675258,-0.68731448082354,2.271730940021764,-72,65000
cf1_sim,18.799999999999688,-0.6894471230303931,0.0038950857502110118,0.4,23.400000000000553,0.2044964638908057,-0.38953363487204157,0.0,-0.4056148400225839,-0.31925237872836354,0.5,37.95404126353588,-0.6742146036304085,2.272945174162856,-73,65000
cf1_sim,18.819999999999688,-0.685232668250891,-0.0037913872141802337,0.4,24.860000000000554,0.21072273897510813,-0.3843236482195623,0.0,-0.39658378192066795,-0.32025272654459824,0.5,39.454344825643865,-0.6603610910420492,2.274294463520493,-73,65000
cf1_sim,18.839999999999687,-0.6808959005905003,-0.011371343498539077,0.4,26.32000000000055,0.21683838301953753,-0.3789978142179422,0.0,-0.3875697940663093,-0.32105952674520494,0.5,40.95808278139278,-0.6465480402837486,2.275539938794874,-73,65000
cf1_sim,18.859999999999687,-0.6764390777992967,-0.018842511386125405,0.4,27.780000000000555,0.22284113956018275,-0.3735583943793164,0.0,-0.3785768069908498,-0.3216733359276965,0.5,42.4650674416321,-0.6327765802636096,2.276682805096276,-73,65000
cf1_sim,18.879999999999686,-0.6718645018404857,-0.02620266528009441,0.4,29.240000000000556,0.2287287979405465,-0.3680076946984502,0.0,-0.3696087384250207,-0.32209478949770365,0.5,43.97510535452505,-0.6190478130419769,2.2777242849769492,-74,65000
cf1_sim,18.899999999999686,-0.6671745179566654,-0.03344962657463668,0.4,30.72000000000056,0.2344991941910181,-0.3623480647271138,0.0,-0.3606694917238862,-0.3223246013927984,0.5,45.48799757438955,-0.6045673722933065,2.2788767905238614,-74,65000
cf1_sim,18.919999999999686,-0.6623715137188723,-0.040581264507257866,0.4,32.20000000000055,0.24015021188965552,-0.3565818966310592,0.0,-0.3517629542976475,-0.32236356377486547,0.5,47.003539953966886,-0.5901310881692331,2.2799206042941953,-74,65000
cf1_sim,18.939999999999685,-0.6574579180587936,-0.047595496991857375,0.4,33.680000000000554,0.2456797830039331,-0.35071162422997554,0.0,-0.34289299604893436,-0.3222125466911462,0.5,48.521523459307595,-0.5757400875881107,2.2808570454778505,-74,65000
cf1_sim,18.959999999999685,-0.6524362002845312,-0.05449029143227352,0.4,35.16000000000055,0.25108588871311815,-0.34473972202080727,0.0,-0.33406346781721086,-0.32187249770409043,0.5,50.041734506288826,-0.5613954675730795,2.281687449870699,-74,65000
cf1_sim,18.979999999999684,-0.6473088690803123,-0.06126366551597005,0.4,36.64000000000054,0.25636656021094795,-0.33866870418482653,0.0,-0.3252781998309165,-0.3213444414901656,0.5,51.563955317604425,-0.5470982949510931,2.2824131692357206,-75,65000
cf1_sim,18.999999999999684,-0.6420784714905465,-0.06791368798754718,0.4,38.14000000000055,0.2615198794882853,-0.3325011235788562,0.0,-0.3165410001679626,-0.32062947940778297,0.5,53.08796429890215,-0.5320526438655505,2.2832214311648515,-75,65000
cf1_sim,19.019999999999683,-0.6367475918886377,-0.07443847940176813,0.4,39.640000000000555,0.26654398009544106,-0.32623957071104764,0.0,-0.3078556532251996,-0.3197287890345152,0.5,54.613536432582585,-0.5170560573798461,2.2839175656677884,-75,65000
cf1_sim,19.039999999999683,-0.6313188509309605,-0.08083621285580059,0.4,41.14000000000055,0.2714370478838575,-0.31988667270162263,0.0,-0.2992259181974679,-0.31864362367379173,0.5,56.140443687625385,-0.5021096206071447,2.284503021208964,-75,65000
cf1_sim,19.059999999999683,-0.6257949044964234,-0.08710511470038049,0.4,42.64000000000055,0.27619732172685685,-0.31344509222899525,0.0,-0.2906555275668412,-0.3173753118312675,0.5,57.66845544366944,-0.48721438539083395,2.284979260999907,-75,65000
cf1_sim,19.079999999999682,-0.62017844261204,-0.09324346522961441,0.4,44.14000000000055,0.28082309421916674,-0.30691752646169573,0.0,-0.2821481856026652,-0.31592525666107757,0.5,59.19733892744966,-0.4723713700486037,2.285347762276955,-75,65000
cf1_sim,19.09999999999968,-0.6144721883649412,-0.09924959934914487,0.4,45.64000000000055,0.28531271235494227,-0.3003067059765231,0.0,-0.27370756687299425,-0.31429493538219766,0.5,60.72685965958389,-0.4575815591319718,2.285610015574018,-75,65000
cf1_sim,19.11999999999968,-0.608678896801261,-0.10512190722241206,0.4,47.14000000000055,0.2896645781840144,-0.29361539366335954,0.0,-0.26533731476801914,-0.3124858986651462,0.5,62.256781909610815,-0.4428459032013573,2.2857675239907156,-76,65000
cf1_sim,19.13999999999968,-0.6028013538123389,-0.11085883489475376,0.4,48.66000000000055,0.29387714944610177,-0.28684638361708487,0.0,-0.2570410400360781,-0.31049976998927276,0.5,63.786869157105514,-0.42736739021629955,2.285971121084021,-76,65000
cf1_sim,19.15999999999968,-0.5968423750086842,-0.11645888489509444,0.4,50.180000000000554,0.29794894018273266,-0.2800025000170339,0.0,-0.2488223193328371,-0.30833824497089046,0.5,65.31688455664478,-0.4119448151430105,2.2860625257997893,-76,65000
cf1_sim,19.17999999999968,-0.5908048045821516,-0.12192061681498335,0.4,51.70000000000056,0.3018785213266323,-0.27308659599444557,0.0,-0.24068469378421847,-0.3060030906625228,0.5,66.84659140435882,-0.3965791356829146,2.286043334041086,-76,65000
cf1_sim,19.19999999999968,-0.5846915141567848,-0.12724264786475048,0.4,53.22000000000057,0.30566452126834,-0.2661015524883564,0.0,-0.2326316675636544,-0.3034961448235438,0.5,68.37575360379192,-0.381271272602807,2.2859151525185184,-76,65000
cf1_sim,19.21999999999968,-0.5785054016287882,-0.1324236534065584,0.4,54.74000000000056,0.30930562639982956,-0.25905027709039624,0.0,-0.2246667064842331,-0.3008193151625065,0.5,69.90413612880039,-0.3660221095724363,2.285679597937444,-76,65000
cf1_sim,19.23999999999968,-0.5722493899960899,-0.13746236746413737,0.4,56.260000000000566,0.3128005816349156,-0.25193570287894873,0.0,-0.21679323660630256,-0.2979745785514599,0.5,71.43150548124393,-0.3508324930197273,2.285338296182284,-76,65000
cf1_sim,19.25999999999968,-0.5659264261779651,-0.14235758320900022,0.4,57.78000000000057,0.3161481909062379,-0.2447607872431419,0.0,-0.209014642861087,-0.2949639802125731,0.5,72.95763014127292,-0.33570323200371727,2.2848928814982785,-76,65000
cf1_sim,19.279999999999678,-0.5595394798251926,-0.14710815342294303,0.4,59.30000000000057,0.31934731763862495,-0.2375285106971405,0.0,-0.20133426769086876,-0.29178963287738896,0.5,74.48228100808113,-0.3206350981051785,2.284344995671137,-76,65000
cf1_sim,19.299999999999677,-0.5530915421212197,-0.1517129909366473,0.4,60.82000000000058,0.3223968851986474,-0.23024187568521384,0.0,-0.19375540970627808,-0.28845371591904656,0.5,76.00523182907925,-0.3056288253350803,2.283696287204913,-76,65000
cf1_sim,19.319999999999677,-0.5465856245748161,-0.15617106904420844,0.4,62.34000000000058,0.32529587732018217,-0.22290390537805696,0.0,-0.18628132236122863,-0.2849584744578194,0.5,77.5262596155463,-0.29068511006078795,2.282948410498499,-76,65000
cf1_sim,19.339999999999677,-0.5400247578046997,-0.16048142189342537,0.4,63.86000000000058,0.32804333850581663,-0.21551764246084723,0.0,-0.1789152126460294,-0.2813062184403269,0.5,79.04514504293583,-0.2758046109501501,2.282103025021143,-76,65000
cf1_sim,19.359999999999676,-0.5334119903166211,-0.1646431448516958,0.4,65.38000000000058,0.33063837440393257,-0.20808614791352076,0.0,-0.17166023979919448,-0.2774993216927894,0.5,80.56167283414591,-0.2609879489333867,2.281161794487359,-76,65000
cf1_sim,19.379999999999676,-0.5267503872733947,-0.1686553948473709,0.4,66.90000000000057,0.3330801521613196,-0.20061249978375667,0.0,-0.1645195140384681,-0.27354022094870534,0.5,82.07563212420776,-0.2462357071828534,2.2801263860315877,-76,65000
cf1_sim,19.399999999999675,-0.5200430292583712,-0.17251739068643412,0.4,68.42000000000057,0.3353679007511763,-0.19309979195316018,0.0,-0.15749609531157005,-0.26943141485133915,0.5,83.58681680500332,-0.23154843111064027,2.278998469383072,-76,65000
cf1_sim,19.419999999999675,-0.5132930110328439,-0.1762284133443769,0.4,69.94000000000057,0.33750091127636894,-0.18555113289713793,0.0,-0.15059299206716442,-0.26517546293142114,0.5,85.09502584878723,-0.2169266283840171,2.2777797160412336,-76,65000
cf1_sim,19.439999999999674,-0.5065034402878873,-0.17978780623315613,0.4,71.46000000000055,0.339478537247826,-0.17796964443896177,0.0,-0.1438131600465405,-0.2607749845604684,0.5,86.60006360945802,-0.20237076895868647,2.27647179845199,-76,65000
cf1_sim,19.459999999999674,-0.49967743639112816,-0.18319497544312652,0.4,72.98000000000057,0.34130019483795754,-0.17035846049851952,0.0,-0.13715950109649055,-0.25623265788014393,0.5,88.10174010069944,-0.1878812851298317,2.2750763891854255,-76,65000
cf1_sim,19.479999999999674,-0.4928181291289482,-0.18644938995985158,0.4,74.50000000000057,0.3429653631089978,-0.16272072583625283,0.0,-0.13063486200386049,-0.25155121870808644,0.5,89.59987125028927,-0.17345857160094158,2.273595160115102,-75,65000
cf1_sim,19.499999999999673,-0.48592865744462455,-0.18955058185570728,0.4,76.00000000000055,0.3444735842161805,-0.15505959479278517,0.0,-0.12424203335223705,-0.24673345942064556,0.5,91.09427913004943,-0.1598960638689424,2.2719741057616987,-75,65000
cf1_sim,19.519999999999673,-0.47901216817291126,-0.19249814645620214,0.4,77.50000000000055,0.34582446358566526,-0.14737823002474373,0.0,-0.1179837484012316,-0.2417822278129721,0.5,92.58479216108753,-0.1463998370084183,2.270280268560505,-75,65000
cf1_sim,19.539999999999672,-0.4720718147715684,-0.19529174248094777,0.4,79.00000000000055,0.3470176700671437,-0.13967980123728116,0.0,-0.11186268198880739,-0.23670042593691937,0.5,94.07124529414976,-0.13297009399607146,2.268515243118295,-75,65000
cf1_sim,19.559999999999672,-0.4651107560503471,-0.19793109215922386,0.4,80.50000000000055,0.34805293606106535,-0.13196748391380397,0.0,-0.10588144945708955,-0.23149100891722035,0.5,95.55348016507233,-0.1196070029383716,2.266680619799813,-75,65000
cf1_sim,19.57999999999967,-0.45813215489793846,-0.2004159813200922,0.4,82.00000000000055,0.3489300576204318,-0.1242444580434162,0.0,-0.10004260560208861,-0.22615698374641546,0.5,97.03134522547613,-0.10631069721981286,2.264777983983885,-75,65000
cf1_sim,19.59999999999967,-0.4511391770073961,-0.20274625945702393,0.4,83.50000000000055,0.3496488945271186,-0.11651390684658675,0.0,-0.09434864364775647,-0.22070140805901323,0.5,98.5046958490009,-0.09308127566694775,2.2628089153231414,-75,65000
cf1_sim,19.61999999999967,-0.4441349896005422,-0.20492183976701495,0.4,85.00000000000057,0.35020937034269484,-0.10877901549955074,0.0,-0.08880199424478563,-0.21512738888537514,0.5,99.97339441351451,-0.07991880272804791,2.260774987007698,-75,65000
cf1_sim,19.63999999999967,-0.4371227601518678,-0.20694269916417404,0.4,86.50000000000055,0.35061147243371993,-0.1010429698579549,0.0,-0.08340502449455334,-0.20943808138582298,0.5,101.43731035986501,-0.0668233086684231,2.2586777650331173,-75,65000
cf1_sim,19.65999999999967,-0.43010565511243765,-0.2088088782677792,0.4,88.00000000000055,0.35085525197150763,-0.0933089551802576,0.0,-0.07816003699859919,-0.20363668756547623,0.5,102.89632022786009,-0.05379478978115466,2.2565188074729896,-74,65000
cf1_sim,19.67999999999967,-0.4230868386343105,-0.21052048136480708,0.4,89.48000000000056,0.3509408239063578,-0.08558015485139425,0.0,-0.0730692689340185,-0.19772645497033364,0.5,104.35030767026728,-0.04162010513879451,2.254285272938265,-74,65000
cf1_sim,19.69999999999967,-0.4160694712959852,-0.21207767634695146,0.4,90.96000000000056,0.3508683669162657,-0.07785974910721856,0.0,-0.06813489115513977,-0.19171067536512182,0.5,105.79916344572142,-0.0295106951322168,2.2520018204000194,-74,65000
cf1_sim,19.71999999999967,-0.4090567088293826,-0.21348069462215608,0.4,92.44000000000057,0.3506381233301307,-0.07015091376023005,0.0,-0.06335900732184657,-0.1855926833934392,0.5,107.24278539150885,-0.017466400325568853,2.2496699108018294,-74,65000
cf1_sim,19.739999999999668,-0.40205170084887276,-0.21472983100069803,0.4,93.92000000000057,0.3502503990254935,-0.06245681892709749,0.0,-0.058743653054892375,-0.17937585522073315,0.5,108.68107837726735,-0.005487030379609151,2.2472909945379396,-74,65000
cf1_sim,19.759999999999668,-0.39505758958285586,-0.21582544355586777,0.4,95.40000000000056,0.34970556330084435,-0.05478062775848724,0.0,-0.0542907951185459,-0.17306360716065228,0.5,110.11395424069744,0.006427635681557342,2.244866510809031,-74,65000
cf1_sim,19.779999999999667,-0.3880775086084048,-0.21676795345930186,0.4,96.88000000000056,0.34900404872255314,-0.04712549517170464,0.0,-0.050002330630894765,-0.1666593942853251,0.5,111.541331706426,0.018277849190335944,2.2423978869838925,-73,65000
cf1_sim,19.799999999999667,-0.38111458158947514,-0.21755784479103496,0.4,98.34000000000059,0.34814635094648216,-0.039494566586655566,0.0,-0.04588008630212276,-0.16016670902012098,0.5,112.96313628919653,0.029282021827380933,2.239896895783285,-73,65000
cf1_sim,19.819999999999666,-0.37417192101918806,-0.21819566432434764,0.4,99.80000000000058,0.3471330285143537,-0.03189097666563351,0.0,-0.04192581770106507,-0.15358907972345567,0.5,114.37930018258187,0.040224110136600204,2.237362492530286,-73,65000
cf1_sim,19.839999999999666,-0.367252626966689,-0.21868202128549638,0.4,101.26000000000056,0.3459647026249535,-0.024317848057436586,0.0,-0.03814120855033687,-0.14693006925221105,0.5,115.78976213442749,0.05110449237207862,2.234795999765506,-73,65000
cf1_sim,19.859999999999665,-0.36035978582908373,-0.21901758708842273,0.4,102.72000000000055,0.34464205688026245,-0.01677829014631673,0.0,-0.03452787005031416,-0.1401932735133425,0.5,117.1944673102339,0.061923574020236426,2.2321987262513496,-72,65000
cf1_sim,19.879999999999665,-0.3534964690889514,-0.21920309504454796,0.4,104.16000000000054,0.3431658370066173,-0.009275397806261495,0.0,-0.03108734023224058,-0.13338232000225414,0.5,118.59336714568006,0.0719035156336674,2.2295972013121794,-72,65000
cf1_sim,19.899999999999665,-0.3466657320779311,-0.2192393400477701,0.4,105.60000000000055,0.3415368505510126,-0.0018122501611068714,0.0,-0.027821083340716257,-0.1265008663285278,0.5,119.98641918947315,0.08182489018849107,2.226974667049729,-72,65000
cf1_sim,19.919999999999664,-0.3398706127468778,-0.21912717823478964,0.4,107.04000000000055,0.33975596655266577,0.0056080906490229305,0.0,-0.02473048924581811,-0.1195525987295947,0.5,121.37358693768691,0.09168820733721073,2.2243323258111523,-72,65000
cf1_sim,19.939999999999664,-0.3331141304430783,-0.21886752662090053,0.4,108.48000000000054,0.33782411518997574,0.01298258069445531,0.0,-0.021816872885084715,-0.11254123057294606,0.5,122.75483966071994,0.10149400091959682,2.22167136471374,-71,65000
cf1_sim,19.959999999999663,-0.32639928469501794,-0.21846136271139258,0.4,109.90000000000056,0.33574228740301776,0.020308195475397927,0.0,-0.019081473735590326,-0.10547050084748194,0.5,124.13015222397038,0.11046824720243743,2.219031651043715,-71,65000
cf1_sim,19.979999999999663,-0.3197290540051834,-0.2179097240887212,0.4,111.32000000000055,0.3335115344917248,0.027581931133568403,0.0,-0.016525455316318882,-0.09834417264460212,0.5,125.49950490328118,0.1193879742426622,2.2163821410055813,-71,65000
cf1_sim,19.999999999999662,-0.3131063946513851,-0.21721370797561038,0.4,112.74000000000055,0.33113296768991635,0.03480080565554042,0.0,-0.01414990472103722,-0.09116603162964736,0.5,126.86288319616563,0.12825379884007532,2.21372391572348,-71,65000
cf1_sim,20.019999999999662,-0.3065342394970782,-0.2163744707742639,0.4,114.16000000000055,0.3286077577153454,0.04196186006732479,0.0,-0.011955832181853587,-0.08393988450430317,0.5,128.22027762977405,0.13706635905509074,2.211058040081554,-70,65000
cf1_sim,20.03999999999966,-0.3000154968111593,-0.21539322758186974,0.4,115.56000000000058,0.3259371342959439,0.04906215961970766,0.0,-0.009944170663637841,-0.07666955746058143,0.5,129.57168356651067,0.14505543301209925,2.208436330749309,-70,65000
cf1_sim,20.05999999999966,-0.2935530490977102,-0.2142712516825923,0.4,116.96000000000056,0.3231223856724557,0.05609879496387171,0.0,-0.008115775489463128,-0.06935889462699876,0.5,130.91710100815683,0.152994430940188,2.2058148613551154,-70,65000
cf1_sim,20.07999999999966,-0.28714975193615705,-0.2130098740162557,0.4,118.36000000000055,0.3201648580776566,0.06306888331683004,0.0,-0.006471423997221559,-0.062011756507574206,0.5,132.2565343993017,0.16088405429729546,2.2031945929167587,-69,65000
cf1_sim,20.09999999999966,-0.28080843283230966,-0.2116104826239316,0.4,119.74000000000056,0.31706595519236974,0.06996956961620654,0.0,-0.005011815227548733,-0.054632018414270664,0.5,133.58999243082565,0.16795686666391155,2.2006352316664928,-69,65000
cf1_sim,20.11999999999966,-0.2745318900807398,-0.21007452207065358,0.4,121.12000000000056,0.3138271375784942,0.07679802766390084,0.0,-0.0037375696431841687,-0.04722356889350795,0.5,134.9174878441268,0.17498356576559904,2.1980841155412105,-69,65000
cf1_sim,20.13999999999966,-0.26832289163895434,-0.20840349284548998,0.4,122.50000000000058,0.3104499220892733,0.08355146125818029,0.0,-0.0026492288798784513,-0.039790308147377454,0.5,136.2390372367243,0.18196490056926587,2.1955421054732276,-69,65000
cf1_sim,20.15999999999966,-0.26218417401381355,-0.20659895073921505,0.4,123.88000000000054,0.3069358812570394,0.09022710531374617,0.0,-0.0017472555289470004,-0.032336146450190235,0.5,137.55466086981826,0.18890163625893014,2.1930100455618278,-68,65000
cf1_sim,20.17999999999966,-0.25611844116064,-0.20466250619982854,0.4,125.24000000000056,0.3032866426586793,0.09682222696932605,0.0,-0.0010320329515584592,-0.024865002560992812,0.5,138.86438247833175,0.19502991716607368,2.1905569745060567,-68,65000
cf1_sim,20.19999999999966,-0.25012836339545846,-0.20259582366618156,0.4,126.60000000000055,0.29950388825907487,0.10333412668234916,0.0,-0.0005038651248303605,-0.01738080213268599,0.5,140.16822908390844,0.2011169033023031,2.1881200059166694,-68,65000
cf1_sim,20.219999999999658,-0.24421657632080282,-0.20040062087997623,0.4,127.96000000000053,0.29558935373278156,0.10976013931026712,0.0,-0.0001629765197949662,-0.009887476118383707,0.5,141.46623081128857,0.20716339112559562,2.185699888282395,-68,65000
cf1_sim,20.239999999999657,-0.2383856797655185,-0.19807866817641448,0.4,129.32000000000056,0.291544827764216,0.11609763517808715,0.0,-9.512011283685506e-06,-0.002388959175649931,0.5,142.75842070843674,0.21317019089036796,2.183297353217132,-67,65000
cf1_sim,20.259999999999657,-0.23263823673898584,-0.19563178775378065,0.4,130.66000000000054,0.28737215132663263,0.12234402113169088,0.0,-4.353681976593249e-05,0.0051108119307475205,0.5,144.0448345707497,0.21837683069570296,2.1809894759708235,-67,65000
cf1_sim,20.279999999999657,-0.22697677240018227,-0.1930618529222503,0.4,132.00000000000057,0.2830732169401789,0.12849674157651755,0.0,-0.0002650364851657372,0.012607899926926808,0.5,145.3255107696261,0.2235470662323963,2.178704467568152,-67,65000
cf1_sim,20.299999999999656,-0.2214037730419958,-0.1903707873322264,0.4,133.34000000000057,0.27864996790932417,0.1345532795011959,0.0,-0.0006739168726672684,0.020098368628185717,0.5,146.60049008564008,0.22868172451597446,2.176442969403006,-66,65000
cf1_sim,20.319999999999656,-0.2159216850911964,-0.1875605641825121,0.4,134.66000000000054,0.2741043975399693,0.1405111574857152,0.0,-0.0012700042105053266,0.027578284536859232,0.5,147.86981554651874,0.23302268897492673,2.174287078925447,-66,65000
cf1_sim,20.339999999999655,-0.21053291412446543,-0.18463320540863745,0.4,135.98000000000053,0.2694385483365491,0.14636793869373252,0.0,-0.002053045159727984,0.03504371843910136,0.5,149.13353227008926,0.23733127967902024,2.1721592036176873,-66,65000
cf1_sim,20.359999999999655,-0.20523982390087644,-0.18159078085166508,0.4,137.30000000000052,0.2646545111794493,0.15212122784861892,0.0,-0.0030227069159010633,0.04249074699995195,0.5,150.39168731232368,0.24160832913745559,2.1700599004364443,-65,65000
cf1_sim,20.379999999999654,-0.2000447354112151,-0.178435407407808,0.4,138.60000000000056,0.259754424483067,0.1577686721928542,0.0,-0.004178577342715817,0.04991545435604976,0.5,151.6443295205802,0.24509789356555886,2.1680753976431353,-65,65000
cf1_sim,20.399999999999654,-0.19494992594451804,-0.17516924815920026,0.4,139.90000000000057,0.2547404733348517,0.16330796243038656,0.0,-0.005520165137444966,0.05731393370535441,0.5,152.8915093921073,0.2485590046768953,2.1661232124587846,-65,65000
cf1_sim,20.419999999999654,-0.1899576281722046,-0.17179451148616867,0.4,141.20000000000059,0.24961488861567166,0.16873683365158007,0.0,-0.007046900028181202,0.06468228889324047,0.5,154.13327893785277,0.25199249061408313,2.1642038234308583,-65,65000
cf1_sim,20.439999999999653,-0.18507002925016747,-0.16831345016136107,0.4,142.5000000000006,0.2443799461018567,0.1740530662403801,0.0,-0.008758133002780277,0.07201663599432885,0.5,155.36969155159198,0.2553991878010019,2.1623176937057047,-64,65000
cf1_sim,20.459999999999653,-0.1802892699391819,-0.1647283604260944,0.4,143.7800000000006,0.23903796554927795,0.17925448676333364,0.0,-0.01065313656941519,0.07931310488942213,0.5,156.60080188436908,0.2580257802697593,2.1605554704997774,-64,65000
cf1_sim,20.479999999999652,-0.1756174437439853,-0.16104158104929223,0.4,145.0600000000006,0.23359130975982992,0.18433896884010895,0.0,-0.012731105048638836,0.08656784083691263,0.5,157.82666572422332,0.2606285177193366,2.158829465994052,-64,65000
cf1_sim,20.499999999999652,-0.17105659607137153,-0.1572554923693889,0.4,146.3400000000006,0.22804238363068927,0.18930443399516655,0.0,-0.014991154896837833,0.09377700603803381,0.5,159.04733988115478,0.2632082224466008,2.1571400715453817,-64,65000
cf1_sim,20.51999999999965,-0.1666087234076369,-0.1533725153195841,0.4,147.6200000000006,0.22239363318673017,0.19414885249024041,0.0,-0.017432325060947496,0.10093678119532858,0.5,160.26288207726734,0.2657657233707461,2.1554876637474356,-63,65000
cf1_sim,20.53999999999965,-0.16227577251570724,-0.14939511043683817,0.4,148.8800000000006,0.21664754459648378,0.1988702441372967,0.0,-0.0200535773642872,0.1080433670637106,0.5,161.4733508420116,0.26754999607235636,2.1539661281103286,-63,65000
cf1_sim,20.55999999999965,-0.15805963965226655,-0.14532577685500528,0.4,150.14000000000058,0.21080664317203518,0.20346667909164473,0.0,-0.022853796923360314,0.11509298599349724,0.5,162.67880541243957,0.26931480963692456,2.152483781730009,-63,65000
cf1_sim,20.57999999999965,-0.1539621698052014,-0.14116705128250762,0.4,151.40000000000057,0.2048734923532584,0.20793627862488293,0.0,-0.02583179259545343,0.1220818834647969,0.5,163.8793056383689,0.2710609706558874,2.151040936188655,-62,65000
cf1_sim,20.59999999999965,-0.14998515595166548,-0.1369215069649602,0.4,152.64000000000058,0.1988506926767957,0.21227721587737058,0.0,-0.02898629745685477,0.12900632961263592,0.5,165.07491189234827,0.272038909089376,2.149732979504997,-62,65000
cf1_sim,20.61999999999965,-0.1461303383370616,-0.1325917526331617,0.4,153.88000000000056,0.19274088073019352,0.21648771658992427,0.0,-0.03231596931150105,0.13586262074221483,0.5,166.26568498430507,0.27300074133718555,2.1484660377712226,-62,65000
cf1_sim,20.63999999999965,-0.14239940377522933,-0.12818043143687277,0.4,155.1200000000006,0.18654672809161393,0.22056605981444657,0.0,-0.03581939122984873,0.14264708083368713,0.5,167.45168608075022,0.2739472459411271,2.1472403637422732,-62,65000
cf1_sim,20.65999999999965,-0.1387939849701184,-0.12369021986480873,0.4,156.3600000000006,0.18027094025554555,0.22451057860320234,0.0,-0.03949507211775466,0.14935606303585777,0.5,168.63297662841146,0.2748792055254735,2.1460561970281637,-61,65000
cf1_sim,20.679999999999648,-0.13531565985921953,-0.11912382665127938,0.4,157.5800000000006,0.17391625554494383,0.22831966067646733,0.0,-0.043341447315138004,0.15598595114820424,0.5,169.80961828215868,0.275048673642985,2.1450099048065696,-61,65000
cf1_sim,20.699999999999648,-0.1319659509790148,-0.11448399166991374,0.4,158.8000000000006,0.16748544401023616,0.23199174906828166,0.0,-0.047356879224184634,0.16253316109062568,0.5,170.98167283708486,0.27520590790726157,2.1440059303011343,-61,65000
cf1_sim,20.719999999999647,-0.12874632485270218,-0.10977348481491274,0.4,160.0200000000006,0.1609813063156319,0.23552534275005005,0.0,-0.05153965796684157,0.16899414236033258,0.5,172.1492021646016,0.27535165749928925,2.143044460923021,-61,65000
cf1_sim,20.739999999999647,-0.12565819140043852,-0.10499510487027795,0.4,161.2400000000006,0.15440667261318344,0.23891899723173937,0.0,-0.05588800207133965,0.17536537947529307,0.5,173.31226815240822,0.27548667454576165,2.1421256717775106,-60,65000
cf1_sim,20.759999999999646,-0.12270290337233755,-0.1001516783674693,0.4,162.44000000000057,0.14776440140504848,0.24217132514043288,0.0,-0.06040005918746855,0.18164339340365815,0.5,174.47093264819134,0.2748642599856792,2.1413458018006026,-60,65000
cf1_sim,20.779999999999646,-0.11988175580444937,-0.09524605843194911,0.4,163.64000000000055,0.1410573783944088,0.24528099677600979,0.0,-0.06507390683031922,0.18782474297859378,0.5,175.62525740691305,0.27423317315707185,2.1406087453105807,-60,65000
cf1_sim,20.799999999999645,-0.11719598549793926,-0.09028112361907455,0.4,164.84000000000054,0.13428851532550531,0.24824674064372793,0.0,-0.06990755315219521,0.1939060262979525,0.5,176.77530404154572,0.27359412870132555,2.139914631639434,-60,65000
cf1_sim,20.819999999999645,-0.11464677052167419,-0.08525977673980462,0.4,166.04000000000053,0.12746074881325364,0.25106734396349645,0.0,-0.07489893774238421,0.19988388210822527,0.5,177.9211339771123,0.27294784322763166,2.1392635786797705,-59,65000
cf1_sim,20.839999999999645,-0.11223522973841601,-0.08018494367669192,0.4,167.22000000000057,0.12057703916290817,0.2537416531556346,0.0,-0.08004593245447078,0.2057549911722183,0.5,179.06280840789387,0.2715484868882123,2.1387506114566186,-59,65000
cf1_sim,20.859999999999644,-0.10996242235481107,-0.07505957219063346,0.4,168.40000000000057,0.11364036918024716,0.2562685743029229,0.0,-0.08534634226085736,0.2115160776199082,0.5,-179.79961174233344,0.2701436891764585,2.1382801860356113,-59,65000
cf1_sim,20.879999999999644,-0.10782934749535597,-0.06988663071885824,0.4,169.58000000000058,0.10665374297275484,0.2586470735887608,0.0,-0.09079790613415406,0.21716391028193377,0.5,-178.66606585716647,0.2687341264504297,2.1378523806735927,-59,65000
cf1_sim,20.899999999999643,-0.10583694380051037,-0.0646691071646331,0.4,170.7600000000006,0.09962018474228017,0.26087617771125704,0.0,-0.09639829795508253,0.2226953040051909,0.5,-177.5364936616795,0.26732047620542193,2.1374672630632805,-59,65000
cf1_sim,20.919999999999643,-0.10398608904911727,-0.059410007679171394,0.4,171.9400000000006,0.0925427375696552,0.2629549742730854,0.0,-0.10214512744653187,0.22810712095000368,0.5,-176.4108352538952,0.26590341690910063,2.137124890316818,-58,65000
cf1_sim,20.939999999999642,-0.10227759980528207,-0.05411235543623237,0.4,173.1000000000006,0.08542446219175956,0.2648826121469513,0.0,-0.10803594113339249,0.23339627186835243,0.5,-175.28903113374633,0.2637377189946528,2.13691750096965,-58,65000
cf1_sim,20.959999999999642,-0.10071223108985167,-0.048779189399901925,0.4,174.26000000000056,0.07826843577152016,0.2666583018165224,0.0,-0.11406822332778377,0.2385597173626462,0.5,-174.17102222965235,0.26157011867965096,2.1367516859708684,-58,65000
cf1_sim,20.97999999999964,-0.0992906760766249,-0.0434135630860482,0.4,175.42000000000058,0.07107775066133835,0.2682813156926865,0.0,-0.120239397139282,0.24359446912453672,0.5,-173.05674992282772,0.2594012520936248,2.1366274692433027,-58,65000
cf1_sim,20.99999999999964,-0.09801356581341611,-0.038018543317947975,0.4,176.58000000000058,0.06385551316043919,0.26975098840501116,0.0,-0.12654682550974355,0.24849759115327674,0.5,-171.94615606943907,0.25723175565680184,2.136544865008554,-57,65000
cf1_sim,21.01999999999964,-0.0968814689680833,-0.03259720897658222,0.4,177.72000000000057,0.05660484226664014,0.2710667170682876,0.0,-0.13298781227230932,0.2532662009531352,0.5,-170.8391830207212,0.2543164698650653,2.136592781145366,-57,65000
cf1_sim,21.03999999999964,-0.09589489159962253,-0.027152649746101168,0.4,178.86000000000058,0.04932886842303857,0.2722279615240526,0.0,-0.13955960323416822,0.25789747070938984,0.5,-169.7357736411607,0.25140179644814675,2.1366805346256754,-57,65000
cf1_sim,21.05999999999964,-0.09505427695442015,-0.02168796485496133,0.4,-179.99999999999946,0.04203073226011935,0.27323424455699186,0.0,-0.14625938728264393,0.26238862844242666,0.5,-168.63587132485029,0.24848832913349347,2.1368081118632607,-57,65000
cf1_sim,21.07999999999964,-0.09436000528774442,-0.016206261813238566,0.4,-178.85999999999947,0.034713583333786185,0.27408515208613815,0.0,-0.15308429751416508,0.26673695913948225,0.5,-167.5394200101145,0.24557666138028447,2.1369754904291707,-57,65000
cf1_sim,21.09999999999964,-0.093812393710548,-0.010710655146622814,0.4,-177.71999999999946,0.02738057885982115,0.27478033333078755,0.0,-0.16003141238566543,0.27093980586357874,0.5,-166.44636419250247,0.24266738624774775,2.137182639056692,-56,65000
cf1_sim,21.11999999999964,-0.09341169606164242,-0.005204265127601455,0.4,-176.59999999999948,0.02003488244527917,0.27531950095106794,0.0,-0.16709775688795347,0.2749945708392041,0.5,-165.356648936241,0.23901497801936716,2.1375130798379014,-56,65000
cf1_sim,21.139999999999638,-0.09315810280529592,0.0003097834956606064,0.4,-175.47999999999948,0.01267966281732477,0.27570243116310306,0.0,-0.17428030374058323,0.27889871651430526,0.5,-164.27021988423576,0.23536591833170162,2.1378809146686355,-56,65000
cf1_sim,21.159999999999638,-0.09305174095429553,0.005828362772235126,0.4,-174.35999999999947,0.0053180925500197745,0.27592896382872595,0.0,-0.18157597460774683,0.28264976659816743,0.5,-163.18702326670652,0.23172075791129362,2.1382860900471714,-56,65000
cf1_sim,21.179999999999637,-0.0930926740185041,0.01134834282262926,0.4,-173.23999999999947,-0.002046653210428637,0.2759990025197067,0.0,-0.18898164133470302,0.28624530707476453,0.5,-162.10700590853688,0.2280800466484786,2.138728544469144,-56,65000
cf1_sim,21.199999999999637,-0.09328090197893309,0.016866593113758613,0.4,-172.11999999999946,-0.00941139802144949,0.2759125145564677,0.0,-0.19649412720424708,0.2896829871911746,0.5,-161.03011523541747,0.22444433348106035,2.1392082084405644,-55,65000
cf1_sim,21.219999999999636,-0.09361636128734126,0.022379983734184046,0.4,-171.01999999999947,-0.016772965420408778,0.27566953102127173,0.0,-0.20411020821271897,0.29296052042066373,0.5,-159.95629927885554,0.22006724791225624,2.1398019528161827,-55,65000
cf1_sim,21.239999999999636,-0.09409892489135963,0.02788538666910159,0.4,-169.9199999999995,-0.024128180200918743,0.27527014674587724,0.0,-0.2118266143650397,0.2960756854000543,0.5,-158.88550668012337,0.21569584240607734,2.140429952900415,-55,65000
cf1_sim,21.259999999999636,-0.09472840228513253,0.03337967707457491,0.4,-168.8199999999995,-0.03147386968864505,0.27471452027366594,0.0,-0.21964003098825707,0.29902632684100033,0.5,-157.81768669321175,0.21133062506174444,2.1410921220453956,-55,65000
cf1_sim,21.279999999999635,-0.09550453958545456,0.03885973455050007,0.4,-167.71999999999946,-0.03880686501610141,0.2740028737962577,0.0,-0.2275471000630762,0.3018103564148052,0.5,-156.75278918685396,0.20697210269904437,2.141788366415804,-55,65000
cf1_sim,21.299999999999635,-0.096427019633373,0.04432244441179283,0.4,-166.61999999999946,-0.046124002395921515,0.2731354930646381,0.0,-0.23554442157284128,0.30442575361042845,0.5,-155.69076464568099,0.20262078075640572,2.14251858500776,-55,65000
cf1_sim,21.319999999999634,-0.09749546212121497,0.049764698957289515,0.4,-165.5199999999995,-0.05342212439209906,0.2721127272748342,0.0,-0.24362855486942936,0.3068705665653366,0.5,-154.63156417056626,0.19827716318924973,2.143282669669154,-54,65000
cf1_sim,21.339999999999634,-0.09870942374498871,0.055183398735853206,0.4,-164.4399999999995,-0.06069808118868699,0.27093498892818474,0.0,-0.25179602005550916,0.30914291286886525,0.5,-153.57513947821568,0.1931933152833621,2.144148072937923,-54,65000
cf1_sim,21.359999999999634,-0.10006839838209769,0.0605754538091784,0.4,-163.35999999999947,-0.06794873185544849,0.2696027536662596,0.0,-0.2600432993826127,0.31124098033777137,0.5,-152.52144290005455,0.18811757185277464,2.145043822546676,-54,65000
cf1_sim,21.379999999999633,-0.10157181729429676,0.06593778501078831,0.4,-162.2799999999995,-0.07517094560995331,0.2681165600804955,0.0,-0.2683668386644592,0.31316302776366445,0.5,-151.47042738046252,0.18305039838491777,2.1459697983463033,-54,65000
cf1_sim,21.399999999999633,-0.10321904935580906,0.0712673252007208,0.4,-161.19999999999945,-0.08236160307561452,0.26647700949662395,0.0,-0.27676304870496715,0.3149073856320163,0.5,-150.42204647440224,0.17799225866434137,2.146925873805554,-54,65000
cf1_sim,21.419999999999632,-0.1050094013065123,0.07656102051540033,0.4,-160.11999999999944,-0.08951759753516222,0.264684765733977,0.0,-0.28522830674038174,0.3164724568124633,0.5,-149.37625434448788,0.17294361468442665,2.147911916035228,-54,65000
cf1_sim,21.439999999999632,-0.10694211803009336,0.08181583161219569,0.4,-159.03999999999942,-0.09663583617905278,0.262740554839768,0.0,-0.29375895789494244,0.3178567172201216,0.5,-148.33300575753435,0.16790492655943592,2.148927785813612,-54,65000
cf1_sim,21.45999999999963,-0.10901638285705964,0.08702873490816475,0.4,-157.9599999999994,-0.10371324134831407,0.260645164798453,0.0,-0.3023513166495059,0.3190587164476534,0.5,-147.29225608062842,0.16287665243695074,2.1499733376131034,-53,65000
cf1_sim,21.47999999999963,-0.11123131789248623,0.09219672381249054,0.4,-156.89999999999944,-0.11074675177132956,0.2583994452162895,0.0,-0.3110016683225395,0.3200770783678282,0.5,-146.25396127675864,0.15710838126272292,2.151103391850378,-53,65000
cf1_sim,21.49999999999963,-0.11358598436836756,0.0973168099521149,0.4,-155.8399999999994,-0.1177333237940662,0.256004306981218,0.0,-0.31970627056289036,0.32091050170633895,0.5,-145.21807790004013,0.15135064516002963,2.1522590609710948,-53,65000
cf1_sim,21.51999999999963,-0.11607938302043264,0.10238602439007898,0.4,-154.7799999999994,-0.12466993260325404,0.2534607218982035,0.0,-0.32846135485373407,0.3215577605846428,0.5,-144.18456309056742,0.14560386718352383,2.1534401926081297,-53,65000
cf1_sim,21.53999999999963,-0.1187104544892732,0.10740141883608262,0.4,-153.71999999999943,-0.13155357344202817,0.25076972230018185,0.0,-0.337263128027101,0.3220177050326095,0.5,-143.15337456892746,0.139868468303959,2.154646628814261,-53,65000
cf1_sim,21.55999999999963,-0.12147807974562413,0.11236006684877796,0.4,-152.65999999999943,-0.13838126281754654,0.24793240063476701,0.0,-0.3461077737883744,0.3222892614707705,0.5,-142.12447063040227,0.13414486733286993,2.1558782060908386,-53,65000
cf1_sim,21.57999999999963,-0.12438108053962614,0.11725906502931564,0.4,-151.5999999999994,-0.1451500397001005,0.2449499090268845,0.0,-0.3549914542501493,0.3223714331619769,0.5,-141.09781013888946,0.12843348084763612,2.1571347554174385,-53,65000
cf1_sim,21.59999999999963,-0.1274182198738909,0.12209553420566575,0.4,-150.5399999999994,-0.15185696671323848,0.24182345881750586,0.0,-0.3639103114748405,0.3222633006322838,0.5,-140.07335252056671,0.12273472311698316,2.1584161022825565,-52,65000
cf1_sim,21.619999999999628,-0.1305882025001794,0.12686662060723913,0.4,-149.4999999999994,-0.15849913131442606,0.23855432007866897,0.0,-0.3728604690254207,0.3219640220608928,0.5,-139.05105775732537,0.11629511369131018,2.1597627929474954,-52,65000
cf1_sim,21.639999999999628,-0.13388967543949482,0.13156949702933868,0.4,-148.45999999999938,-0.16507364696577084,0.23514382110497778,0.0,-0.38183803352366874,0.3214728336389957,0.5,-138.0308863799961,0.10986801275585038,2.161129692308575,-52,65000
cf1_sim,21.659999999999627,-0.13732122852538167,0.13620136398697438,0.4,-147.41999999999942,-0.17157765429434313,0.231593347881785,0.0,-0.3908390962153049,0.320789049897376,0.5,-137.0127994613884,0.10345380398300653,2.162516623582779,-52,65000
cf1_sim,21.679999999999627,-0.14088139497021424,0.1407594508575798,0.4,-146.37999999999943,-0.17800832224162827,0.22790434353027084,0.0,-0.3998597345413867,0.3199120640026354,0.5,-135.9967586091648,0.09705286870638341,2.1639234051766687,-52,65000
cf1_sim,21.699999999999626,-0.14456865195424726,0.14524101701217257,0.4,-145.33999999999943,-0.1843628492016509,0.22407830772963916,0.0,-0.4088960137153366,0.3188413480219281,0.5,-134.98272595856815,0.09066558585733442,2.1653498507175892,-52,65000
cf1_sim,21.719999999999626,-0.14838142123719356,0.1496433529345058,0.4,-144.29999999999944,-0.19063846414731564,0.22011679611666268,0.0,-0.41794398830497026,0.31757645315609395,0.5,-133.97066416502054,0.08429233190190152,2.1667957690857094,-52,65000
cf1_sim,21.739999999999625,-0.15231806979208382,0.15396378132776214,0.4,-143.25999999999942,-0.19683242774451343,0.21602141966281724,0.0,-0.4269997038188927,0.31611700994109954,0.5,-132.96053639661025,0.07793348077819248,2.1682609644468838,-51,65000
cf1_sim,21.759999999999625,-0.15637691046115476,0.15819965820834722,0.4,-142.23999999999944,-0.20294203345354797,0.21179384402925405,0.0,-0.4360591982966283,0.31446272841770373,0.5,-131.95230632648244,0.07083201552205644,2.1697700935135322,-51,65000
cf1_sim,21.779999999999625,-0.1605562026335036,0.16234837398634458,0.4,-141.21999999999943,-0.20896460861744148,0.2074357888998685,0.0,-0.44511850390184626,0.3126133982692803,0.5,-130.94593812514788,0.06374463666163437,2.171293410722218,-51,65000
cf1_sim,21.799999999999624,-0.16485415294423728,0.1664073545321992,0.4,-140.19999999999942,-0.2148975155366842,0.20294902729273162,0.0,-0.45417364851804665,0.3105688889277419,0.5,-129.9413964527237,0.0566716930351894,2.172830721980724,-51,65000
cf1_sim,21.819999999999624,-0.16926891599483723,0.1703740622292024,0.4,-139.1799999999994,-0.2207381525299978,0.19833538485016022,0.0,-0.4632206573460667,0.30832914964752267,0.5,-128.9386464511182,0.04961353099490782,2.1743818291169266,-51,65000
cf1_sim,21.839999999999623,-0.173798595094451,0.1742459970113566,0.4,-138.1599999999994,-0.22648395498068805,0.19359673910770941,0.0,-0.4722555545027692,0.3058942095475884,0.5,-127.93765373617214,0.04257049435404476,2.1759465299110143,-51,65000
cf1_sim,21.859999999999623,-0.17844124302181438,0.17802069738620419,0.4,-137.1399999999994,-0.23213239636816846,0.18873501874237986,0.0,-0.4812743646202725,0.3032641776214582,0.5,-126.93838438976671,0.03554292433450732,2.177524618128385,-51,65000
cf1_sim,21.879999999999622,-0.18319486280749922,0.181695741442211,0.4,-136.11999999999935,-0.23768098928424158,0.18375220280034063,0.0,-0.4902731144450831,0.30043924271523215,0.5,-125.94080495190835,0.02853115951485505,2.179115883553201,-51,65000
cf1_sim,21.899999999999622,-0.18805740853617386,0.18526874784030054,0.4,-135.09999999999937,-0.24312728643373188,0.1786503199044766,0.0,-0.49924783443649007,0.29741967347363385,0.5,-124.94488241280045,0.02153553577873552,2.180720112022605,-51,65000
cf1_sim,21.91999999999962,-0.19302678616855526,0.18873737678914207,0.4,-134.07999999999936,-0.2484688816190694,0.17343144744207728,0.0,-0.5081945603635826,0.29420581825408804,0.5,-123.95058420490959,0.014556386263758842,2.182337085461605,-51,65000
cf1_sim,21.93999999999962,-0.19810085438272387,0.19209933100380192,0.4,-133.05999999999932,-0.2537034107084306,0.168097710732992,0.0,-0.5171093349002509,0.29079810500886816,0.5,-122.95787819503471,0.007594041310832668,2.1839665819185927,-51,65000
cf1_sim,21.95999999999962,-0.20327742543446484,0.1953523566473736,0.4,-132.03999999999934,-0.2588285525870485,0.1626512821785844,0.0,-0.525988209217533,0.2871970411353598,0.5,-121.96673267638653,0.0006488284139374437,2.1856083756015163,-50,65000
cf1_sim,21.97999999999962,-0.20855426603629107,0.19849424425521012,0.4,-131.0399999999993,-0.26384203009131213,0.15709438039182627,0.0,-0.5348272445726692,0.28340321329449936,0.5,-120.97711636068406,-0.007042425984342251,2.1872599118998157,-50,65000
cf1_sim,21.99999999999962,-0.2139290982547967,0.2015228296413877,0.4,-130.03999999999934,-0.2687416109252809,0.15142926930887915,0.0,-0.5436225138942298,0.2794172871974605,0.5,-119.98899837027388,-0.014717062410667968,2.18891819147531,-50,65000
cf1_sim,22.01999999999962,-0.21939960042598164,0.20443599478703808,0.4,-129.03999999999934,-0.2735251085592476,0.1456582572825189,0.0,-0.5523701033626803,0.2752400073606728,0.5,-119.00234823027832,-0.022374771743579176,2.1905829955756198,-50,65000
cf1_sim,22.03999999999962,-0.22496340808818144,0.20723166871019338,0.4,-128.03999999999937,-0.27819038310998995,0.13978369615776567,0.0,-0.5610661139857533,0.2708721968292699,0.5,-118.01713586077736,-0.030015247581689334,2.1922541021925466,-50,65000
cf1_sim,22.05999999999962,-0.2306181149322286,0.20990782831679516,0.4,-127.03999999999932,-0.2827353422023594,0.13380798033008934,0.0,-0.5697066631679948,0.26631475686907774,0.5,-117.03333156902944,-0.03763818628549998,2.19393128609628,-50,65000
cf1_sim,22.079999999999618,-0.23636127376846583,0.2124624992325265,0.4,-126.03999999999934,-0.28715794181186116,0.12773354578656707,0.0,-0.5782878862738581,0.2615686666272654,0.5,-116.0509060417342,-0.045243287018761943,2.195614318870095,-50,65000
cf1_sim,22.099999999999618,-0.24219039751022362,0.21489375661513402,0.4,-125.03999999999934,-0.2914561870878895,0.1215628691303764,0.0,-0.5868059381837201,0.2566349827617931,0.5,-115.06983033734245,-0.05283025178942565,2.197302968945573,-50,65000
cf1_sim,22.119999999999617,-0.24810296017336939,0.2171997259469143,0.4,-124.03999999999937,-0.2956281331572879,0.11529846658901426,0.0,-0.5952569948421965,0.2515148390398061,0.5,-114.09007587841627,-0.060398785490119365,2.198997001638334,-50,65000
cf1_sim,22.139999999999617,-0.25409639789152766,0.21937858380704708,0.4,-123.03999999999931,-0.2996718859079135,0.10894289300663856,0.0,-0.6036372547981366,0.24620944590513408,0.5,-113.11161444404121,-0.06794859593821657,2.2006961791842357,-50,65000
cf1_sim,22.159999999999616,-0.2601681099465655,0.2214285586234658,0.4,-122.03999999999934,-0.3035856027518911,0.10249874082093544,0.0,-0.6119429407356813,0.24072009001506806,0.5,-112.13441816229542,-0.07547939391542496,2.202400260776104,-50,65000
cf1_sim,22.179999999999616,-0.2663154598139305,0.22334793140396422,0.4,-121.03999999999934,-0.30736749336825253,0.09596863902492136,0.0,-0.6201703009957725,0.23504813374660052,0.5,-111.15845950277617,-0.0829908932069149,2.204109002600915,-49,65000
cf1_sim,22.199999999999616,-0.27253577622242375,0.22513503644624613,0.4,-120.05999999999935,-0.311015820424663,0.08935525211409563,0.0,-0.6283156110875039,0.22919501467232486,0.5,-110.18371126918714,-0.09125278229919827,2.205790439032518,-49,65000
cf1_sim,22.219999999999615,-0.2788263542279827,0.2267882620266334,0.4,-119.07999999999932,-0.31452890027794694,0.08266127901936407,0.0,-0.6363751751887092,0.22316224500620407,0.5,-109.21014659198752,-0.09949599541569314,2.207470553538935,-49,65000
cf1_sim,22.239999999999615,-0.28518445630104533,0.22830605106715662,0.4,-118.09999999999933,-0.31790510365313146,0.07588945202616108,0.0,-0.6443453276351865,0.216951411019429,0.5,-108.23773892110522,-0.1077202568633473,2.2091491139826,-49,65000
cf1_sim,22.259999999999614,-0.2916073134270601,0.22968690178076068,0.4,-117.11999999999934,-0.3211428563007371,0.0690425356802023,0.0,-0.6522224343979642,0.21056417242659992,0.5,-107.26646201871449,-0.11592529376240071,2.210825885754654,-49,65000
cf1_sim,22.279999999999614,-0.2980921262197011,0.23092936829436678,0.4,-116.13999999999929,-0.3242406396320518,0.062123325680305486,0.0,-0.6600028945480159,0.2040022617424762,0.5,-106.29628995208053,-0.12411083607856645,2.2125006318092137,-49,65000
cf1_sim,22.299999999999613,-0.3046360660463438,0.23203206124954123,0.4,-115.15999999999929,-0.32719699133213453,0.05513464775872274,0.0,-0.6676831417078383,0.19726748360955076,0.5,-105.32719708647038,-0.13227661665476367,2.2141731126980364,-49,65000
cf1_sim,22.319999999999613,-0.3112362761653499,0.23299364838052986,0.4,-114.17999999999931,-0.3300105059503027,0.04807935654943173,0.0,-0.6752596454893125,0.19036171409671807,0.5,-104.35915807813173,-0.14042237124245882,2.215843086605547,-49,65000
cf1_sim,22.339999999999613,-0.3178898728747072,0.23381285506942662,0.4,-113.19999999999926,-0.3326798354678675,0.04096033444483878,0.0,-0.6827289129172719,0.1832868999693154,0.5,-103.39214786734026,-0.14854783853253994,2.2175103093842354,-49,65000
cf1_sim,22.359999999999612,-0.324593946671565,0.23448846487825364,0.4,-112.21999999999927,-0.33520368984288973,0.033780490441351105,0.0,-0.6900874898382072,0.17604505793082864,0.5,-102.42614167151491,-0.15665276018581298,2.219174534590436,-49,65000
cf1_sim,22.37999999999961,-0.33134556342219973,0.23501932005773923,0.4,-111.2399999999993,-0.33758083753173784,0.026542758974279955,0.0,-0.6973319623135461,0.1686382738365662,0.5,-101.46111497840222,-0.16473688086301116,2.2208355135204374,-49,65000
cf1_sim,22.39999999999961,-0.33814176554194453,0.23540432203259004,0.4,-110.25999999999931,-0.33981010598723993,0.019250098742540807,0.0,-0.7044589579969476,0.1610687018796142,0.5,-100.49704353932935,-0.17279994825440192,2.2224929952469723,-49,65000
cf1_sim,22.41999999999961,-0.34497957318460915,0.23564243186306244,0.4,-109.2799999999993,-0.34189038213323,0.011905491523620658,0.0,-0.711465147495062,0.1533385637493983,0.5,-99.53390336252548,-0.18084171310893113,2.2241467266560373,-49,65000
cf1_sim,22.43999999999961,-0.3518559854409151,0.23573267068264817,0.4,-108.29999999999926,-0.3438206128152984,0.004511940979286547,0.0,-0.7183472457112113,0.14545014776318876,0.5,-98.5716707065116,-0.18886192926293321,2.2257964524840657,-49,65000
cf1_sim,22.45999999999961,-0.35876798154546646,0.23567412011169842,0.4,-107.31999999999927,-0.3455998052275666,-0.002927528547487038,0.0,-0.7251020131714522,0.13740580797089463,0.5,-97.61032207355787,-0.19686035366836824,2.2274419153554343,-49,65000
cf1_sim,22.47999999999961,-0.36571252209177274,0.2354659226468206,0.4,-106.33999999999929,-0.3472270273153146,-0.010409873243890535,0.0,-0.7317262573324899,0.12920796323350553,0.5,-96.6498342032093,-0.20483674642062616,2.229082855820306,-48,65000
cf1_sim,22.49999999999961,-0.37268655025483877,0.23510728202589126,0.4,-105.3799999999993,-0.34870140815330014,-0.01793203104646697,0.0,-0.7382168338709213,0.12085909627554853,0.5,-95.69018406587699,-0.2135695256351455,2.230644598464862,-48,65000
cf1_sim,22.51999999999961,-0.37968699302083114,0.23459746356853872,0.4,-104.41999999999929,-0.3500221382996193,-0.025490922867627143,0.0,-0.7445706479532908,0.11236175271193938,0.5,-94.73134885649635,-0.22228091369966702,2.232195484222192,-48,65000
cf1_sim,22.53999999999961,-0.3867107624233304,0.2339357944919587,0.4,-103.45999999999933,-0.3511884701249646,-0.03308345382900168,0.0,-0.7507846554864483,0.10371854004961534,0.5,-93.77330598825039,-0.23097067175635463,2.2337352708726868,-48,65000
cf1_sim,22.559999999999608,-0.39375475678567345,0.23312166420193597,0.4,-102.49999999999933,-0.3521997181171509,-0.040706514501136735,0.0,-0.7568558643477139,0.09493212666435058,0.5,-92.8160330863574,-0.2396385638405805,2.2352637145996366,-48,65000
cf1_sim,22.579999999999607,-0.4008158619688892,0.23215452455895522,0.4,-101.53999999999928,-0.35305525916078584,-0.04835698214903723,0.0,-0.7627813355943507,0.08600524075316107,0.5,-91.85950798192171,-0.24828435690339096,2.236780570023253,-48,65000
cf1_sim,22.599999999999607,-0.40789095262472863,0.23103389011929404,0.4,-100.57999999999933,-0.3537545327919736,-0.05603172198305951,0.0,-0.7685581846518666,0.07694066926271848,0.5,-90.90370870584799,-0.25690782083355157,2.238285590234938,-48,65000
cf1_sim,22.619999999999607,-0.41497689345328764,0.22975933835100099,0.4,-99.61999999999931,-0.3542970414279493,-0.06372758841465305,0.0,-0.7741835824806678,0.0677412567942004,0.5,-89.94861348281566,-0.26550872847919305,2.2397785268317962,-48,65000
cf1_sim,22.639999999999606,-0.4220705404647187,0.228330509824672,0.4,-98.65999999999937,-0.3546823505715526,-0.07144142631644879,0.0,-0.7796547567205954,0.058409904485016206,0.5,-88.99420072531427,-0.2740868556690188,2.241259129951378,-48,65000
cf1_sim,22.659999999999606,-0.4291687422445279,0.2267471083789482,0.4,-97.69999999999932,-0.3549100889904584,-0.07917007228619008,0.0,-0.7849689928128898,0.04894956886785279,0.5,-88.04044902773774,-0.2826419812331798,2.242727148306666,-48,65000
cf1_sim,22.679999999999605,-0.43626834122194974,0.2250089012606682,0.4,-96.73999999999933,-0.35497994887109224,-0.08691035591400065,0.0,-0.7901236350991324,0.03936326070749796,0.5,-87.08733716053625,-0.2911738870236222,2.244182329221303,-48,65000
cf1_sim,22.699999999999605,-0.44336617494089314,0.22311571923961854,0.4,-95.77999999999933,-0.35489168594717024,-0.09465910105248268,0.0,-0.7951160878967238,0.029654043815906028,0.5,-86.13484406442451,-0.29968235793412534,2.2456244186650176,-48,65000
cf1_sim,22.719999999999605,-0.4504590773329493,0.2210674566978358,0.4,-94.81999999999935,-0.3546451196028099,-0.1024131270891368,0.0,-0.7999438165504699,0.01982503384597817,0.5,-85.18294884464557,-0.3081671819198667,2.2470531612892883,-48,65000
cf1_sim,22.739999999999604,-0.4575438799919528,0.21886407169342392,0.4,-93.85999999999936,-0.3542401329501724,-0.11016925022059514,0.0,-0.8046043484598535,0.009879397064540552,0.5,-84.23163076528745,-0.31662815001656025,2.248468300463218,-48,65000
cf1_sim,22.759999999999604,-0.46461741344958485,0.21650558599886077,0.4,-92.89999999999937,-0.35367667288160376,-0.1179242847281576,0.0,-0.809095274081581,-0.00017965089499027975,0.5,-83.28086924365314,-0.3250650563592154,2.2498695783096245,-48,65000
cf1_sim,22.779999999999603,-0.47167650845150993,0.21399208511377835,0.4,-91.93999999999937,-0.35295475009625454,-0.1256750442541212,0.0,-0.8134142479070023,-0.010348846299755576,0.5,-82.33064384468067,-0.3334776982004147,2.251256735741324,-48,65000
cf1_sim,22.799999999999603,-0.4787179972335333,0.2113237182522105,0.4,-90.97999999999938,-0.35207443910116754,-0.13341834307839193,0.0,-0.8175589894140128,-0.020624878603910213,0.5,-81.38093427541243,-0.3418658759282079,2.2526295124976237,-48,65000
cf1_sim,22.819999999999602,-0.48573871479726993,0.20850069830431314,0.4,-90.0199999999994,-0.35103587818683196,-0.14115099739486808,0.0,-0.821527283993057,-0.03100439175387204,0.5,-80.43172037951307,-0.35022939308354395,2.253987647181007,-48,65000
cf1_sim,22.839999999999602,-0.4927355001848142,0.20552330177257144,0.4,-89.0599999999994,-0.34983926937721477,-0.1488698265870852,0.0,-0.8253169838468613,-0.04148398551184318,0.5,-79.4829821318328,-0.3585680563772895,2.2553308772940155,-48,65000
cf1_sim,22.8599999999996,-0.4997051977519,0.2023918686825192,0.4,-88.09999999999941,-0.34848487835428843,-0.15657165450261162,0.0,-0.828926008863538,-0.05206021679707401,0.5,-78.5346996330158,-0.36688167570681063,2.2566589392762944,-48,65000
cf1_sim,22.8799999999996,-0.5066446584390417,0.1991068024680055,0.4,-87.13999999999936,-0.3469730343570852,-0.16425331072568514,0.0,-0.8323523474627095,-0.06272960104433403,0.5,-77.58685310415177,-0.3751700641720913,2.2579715685418487,-48,65000
cf1_sim,22.8999999999996,-0.5135507410401481,0.19566856983105385,0.4,-86.17999999999942,-0.3453041300553186,-0.17191163184758176,0.0,-0.8355940574143134,-0.07348861357904712,0.5,-76.63942288146913,-0.3834330380914615,2.2592684995164474,-48,65000
cf1_sim,22.9199999999996,-0.5204203134681005,0.1920777005763697,0.4,-85.21999999999943,-0.3434786213976217,-0.17954346273420826,0.0,-0.8386492666297629,-0.08433369100854096,0.5,-75.69238941106718,-0.39167041701682054,2.2605494656752114,-48,65000
cf1_sim,22.9399999999996,-0.5272502540167897,0.18833478742056148,0.4,-84.25999999999945,-0.34149702743446364,-0.1871456577904114,0.0,-0.8415161739251431,-0.09526123262885478,0.5,-74.74573324368798,-0.3998820237484776,2.2618141995803622,-48,65000
cf1_sim,22.9599999999996,-0.534037452619106,0.18444048577615152,0.4,-83.29999999999946,-0.3393599301158145,-0.1947150822204981,0.0,-0.8441930497561385,-0.10626760184654338,0.5,-73.79943502952341,-0.40806768434950624,2.263062432919128,-48,65000
cf1_sim,22.9799999999996,-0.5407788121003787,0.18039551351046226,0.4,-82.33999999999946,-0.3370679740636397,-0.2022486132844625,0.0,-0.8466782369243995,-0.1173491276149094,0.5,-72.85347551305799,-0.4162272281596539,2.264293896541805,-47,65000
cf1_sim,22.9999999999996,-0.547471249426765,0.17620065067947394,0.4,-81.39999999999942,-0.3346218663193144,-0.20974314154941706,0.0,-0.8489701512550598,-0.12850210588408884,0.5,-71.90783552794467,-0.4251512735277415,2.2653600527257614,-47,65000
cf1_sim,23.019999999999598,-0.5541116969480862,0.1718567392367594,0.4,-80.45999999999943,-0.33202237606605917,-0.2171955721357272,0.0,-0.8510672822451405,-0.13972280106441173,0.5,-70.962495991912,-0.4340496526318493,2.266402962595842,-47,65000
cf1_sim,23.039999999999598,-0.5606971036346163,0.16736468271761237,0.4,-79.51999999999943,-0.32927033432650765,-0.22460282595735126,0.0,-0.8529681936825737,-0.15100744750245162,0.5,-70.01743790170164,-0.4429221832637986,2.2674223821780903,-48,65000
cf1_sim,23.059999999999597,-0.5672244363073269,0.16272544589849458,0.4,-78.55999999999943,-0.32636663363552704,-0.23196184095588895,0.0,-0.8546715242356041,-0.16235225096917505,0.5,-69.07264232803318,-0.4509768313938518,2.268575625867113,-47,65000
cf1_sim,23.079999999999597,-0.5736906808610953,0.15794005443193768,0.4,-77.61999999999945,-0.32331222768842205,-0.23926957332784551,0.0,-0.8561759880123272,-0.1737533901595955,0.5,-68.12809041059639,-0.45979679061046824,2.2695504099952264,-47,65000
cf1_sim,23.099999999999596,-0.5800928434803886,0.1530095944570453,0.4,-76.67999999999945,-0.32010813096466334,-0.24652299874461972,0.0,-0.8574803750901445,-0.18520701820333316,0.5,-67.18376335306725,-0.46859038103450135,2.270500960147189,-47,65000
cf1_sim,23.119999999999596,-0.5864279518469344,0.14793521218575073,0.4,-75.73999999999947,-0.3167554183272902,-0.2537191135647285,0.0,-0.8585835520149194,-0.19670926418547544,0.5,-66.23964241814748,-0.47735743247564066,2.271427030693724,-48,65000
cf1_sim,23.139999999999596,-0.5926930563388974,0.14271811346499508,0.4,-74.77999999999948,-0.3132552245981479,-0.2608549360377824,0.0,-0.8594844622696375,-0.20825623467713242,0.5,-65.29570892262527,-0.4853045559160821,2.2724979173837916,-47,65000
cf1_sim,23.159999999999595,-0.59888523122108,0.13735956331500046,0.4,-73.83999999999948,-0.30960874410912975,-0.26792750749973143,0.0,-0.8601821267123797,-0.2198440152750731,0.5,-64.35194423245531,-0.4940177244189705,2.2733773321310347,-47,65000
cf1_sim,23.179999999999595,-0.605001575825672,0.13186088544382243,0.4,-72.89999999999944,-0.30581723022960244,-0.27493389355890147,0.0,-0.8606756439834368,-0.23146867214982908,0.5,-63.40832975785678,-0.5027038702570252,2.274231519199358,-47,65000
cf1_sim,23.199999999999594,-0.6110392157230762,0.12622346173837545,0.4,-71.9599999999995,-0.3018819948702046,-0.28187118527234867,0.0,-0.8609641908813981,-0.24312625360164553,0.5,-62.464846948427116,-0.5113628354117165,2.2750602318489945,-47,65000
cf1_sim,23.219999999999594,-0.6169953038823405,0.12044873173213426,0.4,-71.01999999999946,-0.29780440796321606,-0.2887365003120596,0.0,-0.8610470227080665,-0.2548127916236585,0.5,-61.52147728827047,-0.5199944649069956,2.275863223161859,-47,65000
cf1_sim,23.239999999999593,-0.6228670218207346,0.11453819204972362,0.4,-70.07999999999946,-0.2935858969197058,-0.2955269841205318,0.0,-0.8609234735820596,-0.2665243034716726,0.5,-60.57820229113822,-0.5285986068169307,2.276640246075441,-48,65000
cf1_sim,23.259999999999593,-0.6286515807420081,0.1084933958286182,0.4,-69.11999999999946,-0.2892279460636761,-0.30223981105527165,0.0,-0.8605929567209719,-0.27825679323991326,0.5,-59.635003495580506,-0.5363801201177146,2.2775784241537758,-47,65000
cf1_sim,23.279999999999593,-0.6343462226628767,0.10231595211818315,0.4,-68.17999999999947,-0.28473209604342786,-0.3088721855217523,0.0,-0.8600549646919855,-0.2900062534421218,0.5,-58.691862460106826,-0.5449285899505152,2.2783057526967467,-47,65000
cf1_sim,23.299999999999592,-0.6399482215272844,0.09600752525629559,0.4,-67.23999999999948,-0.2800999432203841,-0.3154213430943779,0.0,-0.8593090696308268,-0.3017686665973629,0.5,-57.748760758353804,-0.5534491441163248,2.279006361380538,-47,65000
cf1_sim,23.31999999999959,-0.6454548843079967,0.08956983422379547,0.4,-66.2999999999995,-0.2753331390356144,-0.32188455162500623,0.0,-0.8583549234289829,-0.31354000681990984,0.5,-56.80567997425836,-0.5619416430442594,2.2796800028566753,-47,65000
cf1_sim,23.33999999999959,-0.650863552095083,0.08300465197702375,0.4,-65.3599999999995,-0.2704333893543144,-0.32825911233858573,0.0,-0.8571922578891022,-0.3253162414125719,0.5,-55.86260169723496,-0.5704059502457193,2.2803264298038117,-47,65000
cf1_sim,23.35999999999959,-0.656171601170853,0.07631380475871437,0.4,-64.4199999999995,-0.2654024537885024,-0.334542360915469,0.0,-0.8558208848485149,-0.33709333246282763,0.5,-54.919507517354475,-0.5788419323196674,2.280945394961973,-48,65000
cf1_sim,23.37999999999959,-0.6613764440708171,0.06949917138751498,0.4,-63.45999999999951,-0.26024214499820364,-0.3407316685599696,0.0,-0.8542406962708271,-0.34886723844112527,0.5,-53.97637902052354,-0.5864530166649683,2.2817415008952944,-47,65000
cf1_sim,23.39999999999959,-0.6664755306302451,0.06256268252642028,0.4,-62.51999999999947,-0.2549543279714014,-0.34682444305473487,0.0,-0.8524516643055468,-0.36063391580071213,0.5,-53.03319778366237,-0.5948317635154199,2.2823077258813105,-47,65000
cf1_sim,23.41999999999959,-0.671466349015906,0.055506319930410025,0.4,-61.57999999999952,-0.24954091928304348,-0.35281812980051264,0.0,-0.8504538413157219,-0.3723893205783529,0.5,-52.089945369879096,-0.60318181345342,2.2828457379907388,-47,65000
cf1_sim,23.43999999999959,-0.676346426742574,0.0483321156735921,0.4,-60.63999999999948,-0.24400388633339978,-0.3587102128408961,0.0,-0.8482473598735767,-0.3841294099952972,0.5,-51.14660332363946,-0.6115030455587939,2.2833552905099204,-47,65000
cf1_sim,23.45999999999959,-0.6811133316738954,0.04104215135615936,0.4,-59.69999999999949,-0.23834524656607567,-0.364498215871637,0.0,-0.8458324327241473,-0.39585014405785673,0.5,-50.20315316592929,-0.6197953420191443,2.283836136959315,-47,65000
cf1_sim,23.47999999999959,-0.6857646730072153,0.0336385572914769,0.4,-58.7599999999995,-0.23256706666599383,-0.3701797032341229,0.0,-0.843209352716932,-0.40754748715695166,0.5,-49.25957638940863,-0.6280585881327378,2.284288031127886,-48,65000
cf1_sim,23.499999999999588,-0.6902981022419686,0.026123511673624464,0.4,-57.799999999999514,-0.2266714617376652,-0.37575228089262164,0.0,-0.8403784927055828,-0.4192174096659871,0.5,-48.31585445355564,-0.6354951190691068,2.284932695953219,-47,65000
cf1_sim,23.519999999999587,-0.6947113141312502,0.018499239725726434,0.4,-56.859999999999516,-0.22066059446407768,-0.3812135973949014,0.0,-0.8373403054156778,-0.4308558895364216,0.5,-47.37196877979842,-0.6436997950677199,2.285328812169353,-47,65000
cf1_sim,23.539999999999587,-0.699002047616181,0.010768012829409576,0.4,-55.919999999999526,-0.21453667424653874,-0.3865613448158429,0.0,-0.8340953232806254,-0.4424589138903886,0.5,-46.42790074663308,-0.6518751056661594,2.285695229174382,-47,65000
cf1_sim,23.559999999999587,-0.7031680867426974,0.0029321476357362687,0.4,-54.979999999999535,-0.20830195632581597,-0.39179325968366535,0.0,-0.8306441582457691,-0.45402248060973516,0.5,-45.483631684725744,-0.6600209487114642,2.286031702139685,-47,65000
cf1_sim,23.579999999999586,-0.7072072615603959,-0.005005994842031649,0.4,-54.039999999999495,-0.201958740884927,-0.3969071238883959,0.0,-0.8269875015407671,-0.46554259992084224,0.5,-44.53914287199822,-0.6681372251695672,2.2863379866782636,-48,65000
cf1_sim,23.599999999999586,-0.7111174490030747,-0.013044010153476043,0.4,-53.0799999999995,-0.19550937213393743,-0.40190076557221965,0.0,-0.8231261234203393,-0.47701529597459397,0.5,-43.5944155286939,-0.6754256191398489,2.2868497462153172,-47,65000
cf1_sim,23.619999999999585,-0.7148965737506173,-0.021179451353503107,0.4,-52.1399999999995,-0.18895623737713294,-0.4067720600013532,0.0,-0.819060872873485,-0.488436608420863,0.5,-42.64943081242316,-0.6834823917252539,2.287097735037082,-47,65000
cf1_sim,23.639999999999585,-0.7185426090718761,-0.029409829961884973,0.4,-51.19999999999951,-0.1823017660629382,-0.4115189304190934,0.0,-0.8147926773012861,-0.4998025939768831,0.5,-41.70416981318603,-0.6915093301317393,2.287314794848642,-47,65000
cf1_sim,23.659999999999584,-0.7220535776482153,-0.03773261693947898,0.4,-50.259999999999515,-0.1755484288169629,-0.4161393488797,0.0,-0.810322542163425,-0.511109327988883,0.5,-40.75861354837113,-0.6995063478861239,2.287500683342946,-48,65000
cf1_sim,23.679999999999584,-0.7254275523773865,-0.04614524368073455,0.4,-49.299999999999535,-0.1686987364585613,-0.4206313370627784,0.0,-0.8056515505935584,-0.5223529059863554,0.5,-39.81274295772818,-0.7066747762533448,2.2879019742410365,-47,65000
cf1_sim,23.699999999999584,-0.7286626571574125,-0.05464510302209128,0.4,-48.35999999999954,-0.16175523900129857,-0.4249929670678367,0.0,-0.8007808629836998,-0.5335294452283417,0.5,-38.86653889831299,-0.7146116623944716,2.28802756617509,-47,65000
cf1_sim,23.719999999999583,-0.731757067650167,-0.06322955026586527,0.4,-47.41999999999949,-0.15472052463772368,-0.4292223621886994,0.0,-0.7957117165377762,-0.5446350862411131,0.5,-37.91998213940306,-0.7225183982950484,2.2881212531678434,-48,65000
cf1_sim,23.739999999999583,-0.7347090120243441,-0.07189590421921463,0.4,-46.4599999999995,-0.1475972187088547,-0.43331769766746775,0.0,-0.7904454247945387,-0.5556659943466333,0.5,-36.97305335738231,-0.7295961390678181,2.288437612060585,-47,65000
cf1_sim,23.759999999999582,-0.7375167716775199,-0.08064144824776913,0.4,-45.51999999999951,-0.14038798265878866,-0.4372772014277247,0.0,-0.7849833771200156,-0.5666183611811939,0.5,-36.0257331305926,-0.7374423451436503,2.288469509757907,-47,65000
cf1_sim,23.779999999999582,-0.740178681937017,-0.08946343134350297,0.4,-44.579999999999515,-0.13309551297485397,-0.44109915478669204,0.0,-0.7793270381697115,-0.5774884062036115,0.5,-35.07800193415137,-0.7452581998942721,2.288468775198592,-48,65000
cf1_sim,23.79999999999958,-0.7426931327392916,-0.09835906920642405,0.4,-43.61999999999952,-0.1257225401137293,-0.44478189314605376,0.0,-0.7734779473207667,-0.5882723781923888,0.5,-34.12984013473251,-0.7522447783551792,2.288697893442541,-47,65000
cf1_sim,23.81999999999958,-0.7450585692875707,-0.10732554533964746,0.4,-42.67999999999953,-0.11827182741395799,-0.44832380666117,0.0,-0.7674377180743037,-0.5989665567312354,0.5,-33.18122798530995,-0.7599997627659171,2.288633890221132,-47,65000
cf1_sim,23.83999999999958,-0.7472734926874767,-0.11636001215741572,0.4,-41.73999999999955,-0.11074616999529337,-0.4517233408884132,0.0,-0.7612080374282006,-0.6095672536823603,0.5,-32.2321456198617,-0.7677242231793562,2.2885365346856505,-48,65000
cf1_sim,23.85999999999958,-0.7493364605603829,-0.12545959210562307,0.4,-40.7799999999995,-0.10314839364531476,-0.4549789974103682,0.0,-0.7547906652205388,-0.6200708146469425,0.5,-31.282573048032642,-0.7746192529542312,2.288676124707856,-47,65000
cf1_sim,23.87999999999958,-0.7512460876342582,-0.13462137879439598,0.4,-39.839999999999506,-0.0954813536937595,-0.45808933443864525,0.0,-0.7481874334439902,-0.6304736204121982,0.5,-30.33249014975489,-0.7822825599859302,2.2885140364355117,-48,65000
cf1_sim,23.89999999999958,-0.7530010463117586,-0.1438424381422773,0.4,-38.87999999999952,-0.08774793387502103,-0.4610529673940655,0.0,-0.7414002455314165,-0.6407720883844663,0.5,-29.38187666982379,-0.7891163769001928,2.2885934769961356,-47,65000
cf1_sim,23.91999999999958,-0.7546000672153439,-0.15311980953155702,0.4,-37.93999999999952,-0.07995104517926813,-0.46386856946398625,0.0,-0.7344310756129655,-0.6509626740077383,0.5,-28.430712212428055,-0.7967183812895688,2.288365682243821,-48,65000
cf1_sim,23.93999999999958,-0.7560419397091968,-0.1624505069742879,0.4,-36.97999999999953,-0.0720936246926445,-0.4665348721365433,0.0,-0.7272819677449618,-0.6610418721670659,0.5,-27.478976235632327,-0.8034908929741272,2.2883839608361765,-48,65000
cf1_sim,23.959999999999578,-0.757325512397737,-0.17183152028851983,0.4,-36.01999999999954,-0.0641786344270126,-0.4690506657115966,0.0,-0.7199550351108993,-0.671006218576286,0.5,-26.52664804581144,-0.8102327276985013,2.2883724580264557,-47,65000
cf1_sim,23.979999999999578,-0.7584496936005313,-0.1812598162842833,0.4,-35.07999999999955,-0.05620906013970963,-0.47141479978817435,0.0,-0.7124524591948553,-0.680852291149507,0.5,-25.573706792033622,-0.8177426112529157,2.2880456065514823,-48,65000
cf1_sim,23.999999999999577,-0.759413451803407,-0.19073233995884772,0.4,-34.11999999999951,-0.048187910143787774,-0.4736261837282212,0.0,-0.7047764889276555,-0.6905767113558103,0.5,-24.620131460391985,-0.8244230621582982,2.2879714282200316,-47,65000
cf1_sim,24.019999999999577,-0.7602158160855913,-0.200246015700777,0.4,-33.17999999999951,-0.04011821410921433,-0.47568378709646403,0.0,-0.6969294398061314,-0.7001761455566231,0.5,-23.665900868282854,-0.8318713932701354,2.287576462192765,-48,65000
cf1_sim,24.039999999999576,-0.7608558765227015,-0.2097977485023014,0.4,-32.21999999999952,-0.03200302185551118,-0.4775866400762203,0.0,-0.6889136929858228,-0.7096473063252293,0.5,-22.71099365862936,-0.8384904333322921,2.287438617908192,-48,65000
cf1_sim,24.059999999999576,-0.7613327845654279,-0.21938442517952103,0.4,-31.259999999999533,-0.023845402136316432,-0.47933383386098194,0.0,-0.6807316943474855,-0.718986953747891,0.5,-21.755388294048796,-0.845078795489973,2.287269722175664,-48,65000
cf1_sim,24.079999999999576,-0.761645753393755,-0.2290029155999534,0.4,-30.299999999999542,-0.015648441416354204,-0.48092452102161776,0.0,-0.6723859535377797,-0.7281918967060604,0.5,-20.799063050962626,-0.8516364937812428,2.2870695204168165,-48,65000
cf1_sim,24.099999999999575,-0.761794058246581,-0.23865007391693435,0.4,-29.3399999999995,-0.007415242641301794,-0.48235791584904847,0.0,-0.6638790429845213,-0.7372589941391691,0.5,-19.84199601364793,-0.8581635455747192,2.286837759381052,-47,65000
cf1_sim,24.119999999999575,-0.7617770367266019,-0.24832273981037947,0.4,-28.399999999999505,0.0008510759989540217,-0.48363329467225613,0.0,-0.655213596886888,-0.7461851562874906,0.5,-18.884165068228903,-0.8654580838262719,2.286272224615283,-48,65000
cf1_sim,24.139999999999574,-0.7615940890803383,-0.25801773973340947,0.4,-27.439999999999515,0.009147382313176865,-0.48474999615150116,0.0,-0.6463923101809865,-0.7549673459145791,0.5,-17.92554789660725,-0.8719238044015016,2.285974333794227,-48,65000
cf1_sim,24.159999999999574,-0.7612446784531931,-0.26773188816434207,0.4,-26.479999999999524,0.017470531357259872,-0.48570742154662955,0.0,-0.6374179374811927,-0.7636025795087964,0.5,-16.96612197033051,-0.8783589391678446,2.285644142964316,-48,65000
cf1_sim,24.179999999999573,-0.7607283311194366,-0.27746198886354934,0.4,-25.519999999999534,0.02581736668782471,-0.48650503496036285,0.0,-0.628293291997686,-0.7720879284634447,0.5,-16.005864544396974,-0.8847635186039482,2.2852814045533028,-48,65000
cf1_sim,24.199999999999573,-0.7600446366870278,-0.2872048361346788,0.4,-24.55999999999954,0.034184721620439215,-0.48714236355647333,0.0,-0.6190212444306142,-0.7804205202350363,0.5,-15.04475265099679,-0.8911375764544314,2.284885872503712,-48,65000
cf1_sim,24.219999999999573,-0.7591932482771888,-0.2969572160897339,0.4,-23.5999999999995,0.042569420491950484,-0.48761899775275735,0.0,-0.6096047218413272,-0.7885975394792359,0.5,-14.082763093187552,-0.8974811497155638,2.2844573023099484,-48,65000
cf1_sim,24.239999999999572,-0.7581738826786603,-0.30671590791750847,0.4,-22.639999999999507,0.05096827992642863,-0.4879345913887291,0.0,-0.6000467065011321,-0.7966162291640216,0.5,-13.11987243850445,-0.903794278620475,2.2839954510552505,-48,65000
cf1_sim,24.25999999999957,-0.756986320476576,-0.31647768515486785,0.4,-21.679999999999517,0.05937811010421492,-0.48808886186796796,0.0,-0.5903502347180298,-0.8044738916596184,0.5,-12.15605701250341,-0.9100770066239604,2.2835000774484224,-48,65000
cf1_sim,24.27999999999957,-0.7556304061559046,-0.3262393169603691,0.4,-20.719999999999526,0.06779571603356684,-0.48808159027506265,0.0,-0.580518395641902,-0.8121678898047711,0.5,-11.191292892237275,-0.9163293803868171,2.2829709418603907,-48,65000
cf1_sim,24.29999999999957,-0.7541060481794167,-0.3359975693897112,0.4,-19.759999999999536,0.07621789882439144,-0.4879126214671044,0.0,-0.5705543300486244,-0.819695647948929,0.5,-10.225555899663892,-0.9225514497597688,2.2824078063605726,-48,65000
cf1_sim,24.31999999999957,-0.7524132190401456,-0.3457492066725051,0.4,-18.799999999999542,0.08464145696355778,-0.48758186413969345,0.0,-0.5604612291035946,-0.8270546529699254,0.5,-9.258821594986598,-0.9287432677669673,2.2818104347530066,-48,65000
cf1_sim,24.33999999999957,-0.75055195528832,-0.3554909924898537,0.4,-17.839999999999502,0.09306318759127828,-0.48708929086743186,0.0,-0.550242333105166,-0.8342424552667458,0.5,-8.291065269925438,-0.93490489058904,2.2811785926123234,-48,65000
cf1_sim,24.35999999999957,-0.748522357532759,-0.36521969125223147,0.4,-16.879999999999512,0.10147988777804869,-0.4864349381188863,0.0,-0.5399009302084921,-0.8412566697269883,0.5,-7.322261940920347,-0.9410363775457333,2.2805120473194576,-48,65000
cf1_sim,24.37999999999957,-0.7463245904167263,-0.3749320693771518,0.4,-15.919999999999519,0.10988835580163589,-0.485618906246015,0.0,-0.5294403551302898,-0.8480949766686292,0.5,-6.352386342265271,-0.9471377910781219,2.2798105680971754,-48,65000
cf1_sim,24.39999999999957,-0.7439588825682543,-0.38462489656611304,0.4,-14.959999999999527,0.11828539242360304,-0.4846413594480629,0.0,-0.5188639878350405,-0.8547551227557163,0.5,-5.381412919174051,-0.9532091967304109,2.2790739260453283,-48,65000
cf1_sim,24.41999999999957,-0.7414255265249571,-0.3942949470803118,0.4,-13.999999999999536,0.1266678021648613,-0.483502525709939,0.0,-0.5081752522031513,-0.8612349218876272,0.5,-4.4093158207775485,-0.9592506631312981,2.278301894175971,-48,65000
cf1_sim,24.439999999999568,-0.7387248786333623,-0.40393900101461383,0.4,-13.039999999999495,0.13503239457973829,-0.48220269671510113,0.0,-0.49737761468161246,-0.8675322560615324,0.5,-3.436068893053613,-0.965262261974951,2.277494247448134,-48,65000
cf1_sim,24.459999999999567,-0.7358573589228012,-0.4135538455692735,0.4,-12.079999999999503,0.14337598552805375,-0.48074222773298214,0.0,-0.48647458291768697,-0.8736450762077232,0.5,-2.4616456716887893,-0.9712440680015426,2.2766507628024506,-48,65000
cf1_sim,24.479999999999567,-0.7328234509539073,-0.42313627631889356,0.4,-11.119999999999512,0.15169539844469346,-0.4791215374810032,0.0,-0.4754697043761802,-0.8795714029974676,0.5,-1.4860193748748491,-0.9771961589774031,2.2757712191954793,-48,65000
cf1_sim,24.499999999999567,-0.7296237016417838,-0.43268309847811814,0.4,-10.15999999999952,0.15998746560617394,-0.4773411079612286,0.0,-0.46436656494084116,-0.8853093276230726,0.5,-0.5091628960390077,-0.9831186156747284,2.2748553976338193,-48,65000
cf1_sim,24.519999999999566,-0.72625872105391,-0.4421911281635527,0.4,-9.19999999999953,0.16824902939369138,-0.4754014842717274,0.0,-0.453168787500455,-0.8908570125498403,0.5,0.4689512034895817,-0.9890115218509417,2.273903081207948,-48,65000
cf1_sim,24.539999999999566,-0.722729182182867,-0.45165719365140705,0.4,-8.239999999999487,0.17647694355214963,-0.4733032743927181,0.0,-0.4418800305201907,-0.896212692239619,0.5,1.4483507018757502,-0.9948749642275853,2.2729140551258125,-48,65000
cf1_sim,24.559999999999565,-0.7190358206939736,-0.4610781366303587,0.4,-7.279999999999497,0.18466807444466377,-0.47104714894758043,0.0,-0.430503986598777,-0.9013746738456578,0.5,2.429063724235505,-1.0007090324688892,2.271888106746152,-49,65000
cf1_sim,24.579999999999565,-0.7151794346479329,-0.4704508134491353,0.4,-6.299999999999506,0.1928193023020376,-0.468633840938831,0.0,-0.4190443810120801,-0.9063413378784896,0.5,3.4111187501516684,-1.0057210903869618,2.27117622686009,-49,65000
cf1_sim,24.599999999999564,-0.7111608841985986,-0.47977209635831863,0.4,-5.319999999999516,0.2009275224667154,-0.46606414545916725,0.0,-0.4075049702436683,-0.9111111388425736,0.5,4.394544621246128,-1.0107046065262457,2.2704307616401476,-49,65000
cf1_sim,24.619999999999564,-0.7069810912659844,-0.48903887474587254,0.4,-4.3399999999995265,0.2089896466307105,-0.4633389193776961,0.0,-0.3958895405029483,-0.9156826058434457,0.5,5.379370548805956,-1.0156597165664225,2.269651475013018,-49,65000
cf1_sim,24.639999999999564,-0.702641039184644,-0.49824805636590197,0.4,-3.3599999999994856,0.21700260406701544,-0.46045908100147204,0.0,-0.3842019062314672,-0.9200543431651333,0.5,6.3656261214603,-1.0205865593454406,2.2688381333548238,-49,65000
cf1_sim,24.659999999999563,-0.698141772327564,-0.5073965685601516,0.4,-2.379999999999496,0.22496334285400138,-0.4574256097124802,0.0,-0.37244590859797616,-0.9242250308176018,0.5,7.353341312904858,-1.0254852768319418,2.2679905055282656,-49,65000
cf1_sim,24.679999999999563,-0.6934843957057176,-0.5164813594717558,0.4,-1.3999999999995059,0.2328688310923174,-0.45423954558020946,0.0,-0.36062541398285697,-0.9281934250540173,0.5,8.342546489670152,-1.0303560140972046,2.267108362919424,-49,65000
cf1_sim,24.699999999999562,-0.6886700745434415,-0.5254993992507552,0.4,-0.41999999999951587,0.24071605811380245,-0.4509019889499705,0.0,-0.34874431245251813,-0.9319583588576172,0.5,9.333272418929512,-1.0351989192866529,2.2661914794742075,-49,65000
cf1_sim,24.719999999999562,-0.683700033829803,-0.5344476812508976,0.4,0.5600000000004921,0.2485020356819269,-0.4474141000071234,0.0,-0.3368065162243694,-0.9355187423979939,0.5,10.325550276342195,-1.0400141435909407,2.265239631734471,-49,65000
cf1_sim,24.73999999999956,-0.6785755578461373,-0.5433232232172454,0.4,1.540000000000492,0.25622379918328375,-0.4437770983173885,0.0,-0.3248159581229889,-0.9388735634566102,0.5,11.319411653926744,-1.044801841216565,2.2642525988737106,-49,65000
cf1_sim,24.75999999999956,-0.6732979896699443,-0.5521230684641139,0.4,2.520000000000492,0.26387840880965235,-0.4399922623434252,0.0,-0.3127765900280984,-0.942021887821376,0.5,12.314888567958812,-1.0495621693560784,2.2632301627324916,-49,65000
cf1_sim,24.77999999999956,-0.667868730655341,-0.5608442870428713,0.4,3.500000000000492,0.2714629507301629,-0.43606092893787113,0.0,-0.30069238131496934,-0.9449628596501289,0.5,13.312013466887851,-1.0542952881578436,2.262172107853418,-49,65000
cf1_sim,24.79999999999956,-0.6622892398902792,-0.5694839768991321,0.4,4.4800000000004925,0.2789745382530921,-0.4319844928130446,0.0,-0.2885673172878803,-0.9476957018028739,0.5,14.310819239265795,-1.0590013606953967,2.261078221515772,-49,65000
cf1_sim,24.81999999999956,-0.6565610336307427,-0.5780392650188826,0.4,5.460000000000493,0.2864103129768257,-0.42776440598752247,0.0,-0.27640539760725436,-0.950219716142648,0.5,15.311339221680631,-1.0636805529363595,2.259948293769766,-49,65000
cf1_sim,24.83999999999956,-0.6506856847121522,-0.5865073085630789,0.4,6.440000000000492,0.29376744592952775,-0.4234021772098148,0.0,-0.264210634711103,-0.9525342838048927,0.5,16.31360720668727,-1.0683330337109482,2.2587821174703984,-49,65000
cf1_sim,24.85999999999956,-0.644664821938211,-0.5948852959902662,0.4,7.420000000000494,0.30104313869706073,-0.4188993713593661,0.0,-0.2519870522314085,-0.9546388654352227,0.5,17.317657450727054,-1.072958974680093,2.257579488310945,-49,65000
cf1_sim,24.87999999999956,-0.6385001294474368,-0.6031704481667687,0.4,8.400000000000494,0.30823462453870526,-0.41425760882512325,0.0,-0.23973868340607765,-0.9565330013955007,0.5,18.323524682027,-1.07755855030311,2.256340204856018,-50,65000
cf1_sim,24.899999999999558,-0.6321933460576321,-0.6113600194640071,0.4,9.400000000000492,0.31533916949023355,-0.40947856486191847,0.0,-0.22746956948710118,-0.9582163119381313,0.5,19.33124410846876,-1.0813447060369366,2.2554416664853387,-50,65000
cf1_sim,24.919999999999558,-0.6257462645885542,-0.6194512988425056,0.4,10.400000000000492,0.3223540734538953,-0.40456396892492436,0.0,-0.2151837581455549,-0.9596884973485085,0.5,20.34085142541667,-1.0851056375162902,2.2545089798634677,-50,65000
cf1_sim,24.939999999999557,-0.6191607311630566,-0.6274416109221546,0.4,11.400000000000494,0.32927667127488014,-0.3995156039824474,0.0,-0.2028853018740807,-0.960949338055558,0.5,21.352382823493556,-1.0888415648441414,2.2535419257726024,-50,65000
cf1_sim,24.959999999999557,-0.61243864448698,-0.6353283170383013,0.4,12.400000000000492,0.33610433380382637,-0.39433530580733445,0.0,-0.19057825638748488,-0.9619986947103303,0.5,22.365874996291698,-1.0925527110719313,2.2525402882799974,-50,65000
cf1_sim,24.979999999999556,-0.605581955108081,-0.6431088162832468,0.4,13.400000000000494,0.34283446894495045,-0.3890249622472757,0.0,-0.1782666790220942,-0.9628365082326139,0.5,23.381365148005955,-1.0962393021597534,2.2515038547738304,-50,65000
cf1_sim,24.999999999999556,-0.5985926646542934,-0.6507805465327327,0.4,14.400000000000496,0.349464522689379,-0.3835865124742958,0.0,-0.16595462713450812,-0.9634627998255515,0.5,24.398891000974444,-1.0999015669361092,2.2504324159985503,-50,65000
cf1_sim,25.019999999999555,-0.591472825051628,-0.6583409854570074,0.4,15.400000000000496,0.35599198013326927,-0.37802194621373353,0.0,-0.15364615650038804,-0.96387767095825,0.5,25.418490803111894,-1.1035397370572513,2.2493257660897426,-50,65000
cf1_sim,25.039999999999555,-0.5842245377220218,-0.6657876515160677,0.4,16.400000000000492,0.3624143664803116,-0.37233330295301725,0.0,-0.141345319713923,-0.9640813033163955,0.5,26.44020333521882,-1.1071540469660495,2.2481837026084506,-50,65000
cf1_sim,25.059999999999555,-0.5768499527614576,-0.6731181049386787,0.4,17.400000000000496,0.36872924802821233,-0.3665226711305542,0.0,-0.12905616458861197,-0.96407395872089,0.5,27.46406791814929,-1.1107447338504732,2.2470060265750162,-50,65000
cf1_sim,25.079999999999554,-0.5693512680986823,-0.6803299486847799,0.4,18.400000000000496,0.3749342331387632,-0.36059218730505627,0.0,-0.11678273256000102,-0.9638559790145456,0.5,28.49012441981848,-1.1143120376016094,2.2457925425023593,-50,65000
cf1_sim,25.099999999999554,-0.5617307286348602,-0.6874208293908927,0.4,19.400000000000496,0.38102697319110873,-0.35454403530563544,0.0,-0.10452905709101468,-0.9634277859168789,0.5,29.518413262029608,-1.117856200771308,2.244543058428762,-51,65000
cf1_sim,25.119999999999553,-0.5539906253645035,-0.6943884382981529,0.4,20.420000000000496,0.38700516351783154,-0.34838044536300855,0.0,-0.09229916208051812,-0.9627898808470656,0.5,30.54897542709945,-1.1205943556800058,2.243648683854753,-51,65000
cf1_sim,25.139999999999553,-0.5461332944780339,-0.701230512162596,0.4,21.440000000000495,0.3928665443234793,-0.34210369322215833,0.0,-0.08009706027574647,-0.9619428447151257,0.5,31.58185246425893,-1.123310648490072,2.2427201054986146,-51,65000
cf1_sim,25.159999999999553,-0.5381611164463306,-0.7079448341473321,0.4,22.460000000000495,0.39860890158516815,-0.3357160992368059,0.0,-0.0679267516892354,-0.9608873376814238,0.5,32.617086495805026,-1.126005366585628,2.241757119166365,-51,65000
cf1_sim,25.179999999999552,-0.5300765150876325,-0.7145292346962533,0.4,23.480000000000494,0.40423006793490096,-0.3292200274460569,0.0,-0.05579222202088621,-0.9596240988845794,0.5,33.65472022297758,-1.1286788001018613,2.2407595246943446,-51,65000
cf1_sim,25.19999999999955,-0.5218819566171675,-0.7209815923889251,0.4,24.500000000000497,0.40972792352324816,-0.3226178846335902,0.0,-0.043697441085795416,-0.9581539461378978,0.5,34.69479693153374,-1.1313312418739632,2.2397271259837503,-51,65000
cf1_sim,25.21999999999955,-0.5135799486798867,-0.7272998347763204,0.4,25.520000000000493,0.4151003968640457,-0.31591211936976543,0.0,-0.03164636124847753,-0.956477775594442,0.5,35.737360496990696,-1.133962987385585,2.238659731034513,-51,65000
cf1_sim,25.23999999999955,-0.5051730393666912,-0.7334819391970611,0.4,26.54000000000049,0.4203454656597724,-0.3091052210370324,0.0,-0.019642915864106436,-0.9545965613808813,0.5,36.7824553895055,-1.1365743347168835,2.2375571519784936,-51,65000
cf1_sim,25.25999999999955,-0.4966638162145457,-0.7395259335738417,0.4,27.560000000000493,0.42546115760727626,-0.30219971883903235,0.0,-0.00769101772739883,-0.952511355200261,0.5,37.83012667835881,-1.1391655844921573,2.2364192051120555,-51,65000
cf1_sim,25.27999999999955,-0.48805490519087513,-0.7454298971897174,0.4,28.580000000000492,0.4304455511835285,-0.29519818079378646,0.0,0.0042054424702412385,-0.9502232859038544,0.5,38.88042003600778,-1.1417370398270315,2.235245710927906,-52,65000
cf1_sim,25.29999999999955,-0.47934896966265333,-0.751191961443945,0.4,29.620000000000495,0.4352967764110896,-0.28810321271137557,0.0,0.016042597674699066,-0.9477335590322675,0.5,39.93338174167067,-1.1435091107284059,2.2344357902479817,-52,65000
cf1_sim,25.31999999999955,-0.4705487093505937,-0.7568103105870754,0.4,30.660000000000494,0.4400130156029827,-0.2809174571565184,0.0,0.027816605993635418,-0.9450434563259801,0.5,40.989058684404114,-1.1452627299821319,2.2335914722108168,-52,65000
cf1_sim,25.33999999999955,-0.4616568592688602,-0.7622831824350047,0.4,31.700000000000493,0.4445925040866757,-0.2736435923964641,0.0,0.03952365221087181,-0.9421543352055197,0.5,42.047498365631085,-1.1469982447987164,2.2327125707470024,-52,65000
cf1_sim,25.35999999999955,-0.4526761886507225,-0.7676088690616971,0.4,32.74000000000049,0.4490335309068828,-0.2662843313346196,0.0,0.05115994929007053,-0.9390676282214765,0.5,43.10874890107587,-1.1487160049049372,2.2317989045666344,-52,65000
cf1_sim,25.379999999999548,-0.44360949986058446,-0.7727857174703039,0.4,33.78000000000049,0.4533344395069041,-0.2588424204303381,0.0,0.06272173986710791,-0.9357848424745774,0.5,44.17285902205945,-1.1504163624811503,2.230850297191824,-52,65000
cf1_sim,25.399999999999547,-0.43445962729281984,-0.7778121302424099,0.4,34.82000000000049,0.45749362838823154,-0.2513206386053006,0.0,0.07420529773054513,-0.9323075590060562,0.5,45.239878076105974,-1.1520996720981294,2.2298665769883432,-52,65000
cf1_sim,25.419999999999547,-0.4252294362578567,-0.7826865661651484,0.4,35.86000000000049,0.46150955174815683,-0.24372179613692754,0.0,0.08560692928960434,-0.9286374321585574,0.5,46.30985602680913,-1.153766290653555,2.2288475771964644,-52,65000
cf1_sim,25.439999999999547,-0.41592182185595417,-0.7874075408359337,0.4,36.90000000000049,0.4653807200951262,-0.2360487335392642,0.0,0.09692297502906358,-0.9247761889078351,0.5,47.38284345290311,-1.1554165773080431,2.2277931359609657,-52,65000
cf1_sim,25.459999999999546,-0.40653970783912224,-0.7919736272445694,0.4,37.940000000000495,0.4691057008415969,-0.22830432043178556,0.0,0.10814981095048984,-0.9207256281655113,0.5,48.45889154648139,-1.1570508934208328,2.2267030963602634,-53,65000
cf1_sim,25.479999999999546,-0.3970860454616391,-0.796383456332501,0.4,39.00000000000049,0.47268311887415715,-0.22049145439657453,0.0,0.11928384999923317,-0.9164876200531732,0.5,49.538052110302445,-1.157892658875559,2.225981622826709,-53,65000
cf1_sim,25.499999999999545,-0.38756381231962544,-0.8006357175289875,0.4,40.06000000000049,0.47611165710068254,-0.2126130598243297,0.0,0.13032154347661257,-0.9120641051481013,0.5,50.62037755411913,-1.1587198523778612,2.225225100483512,-53,65000
cf1_sim,25.519999999999545,-0.37797601118013924,-0.8047291592639808,0.4,41.12000000000049,0.47939005697430975,-0.20467208674966436,0.0,0.1412593824367291,-0.9074570937009283,0.5,51.70592088996474,-1.1595328787497698,2.224433372195311,-53,65000
cf1_sim,25.539999999999544,-0.3683256688002589,-0.808662589457504,0.4,42.1800000000005,0.4825171189940177,-0.19667150967616234,0.0,0.15209389906734772,-0.9026686648255431,0.5,52.79473572632598,-1.1603321449524238,2.223606286410616,-53,65000
cf1_sim,25.559999999999544,-0.35861583473662656,-0.8124348759853373,0.4,43.2400000000005,0.485491703181617,-0.1886143263916608,0.0,0.1628216680542966,-0.8977009656615634,0.5,53.88687626112935,-1.1611180600106548,2.222743697190102,-53,65000
cf1_sim,25.579999999999544,-0.34884958014592743,-0.8160449471208219,0.4,44.3000000000005,0.48831272953495536,-0.1805035567742335,0.0,0.17343930792883866,-0.8925562105097138,0.5,54.98239727346393,-1.161891034937147,2.221845464233869,-53,65000
cf1_sim,25.599999999999543,-0.33902999657678423,-0.8194917919526089,0.4,45.36000000000051,0.4909791784571597,-0.17234224158935188,0.0,0.18394348239747627,-0.8872366799404512,0.5,56.08135411396049,-1.1626514826563286,2.220911452907699,-54,65000
cf1_sim,25.619999999999543,-0.3291601947535494,-0.8227744607781831,0.4,46.4400000000005,0.4934900911617418,-0.1641334412787054,0.0,0.19433090165365913,-0.8817447198762001,0.5,57.18380269374252,-1.1626248412857092,2.220347502160221,-54,65000
cf1_sim,25.639999999999542,-0.3192433033524813,-0.8258920654730063,0.4,47.5200000000005,0.49584457005340604,-0.155880234741165,0.0,0.2045983236708695,-0.8760827406475595,0.5,58.28979947186182,-1.1625870644285707,2.21974776484492,-54,65000
cf1_sim,25.659999999999542,-0.30928246777079316,-0.8288437798351339,0.4,48.6000000000005,0.4980417790844073,-0.1475857181063773,0.0,0.21474255547657006,-0.8702532160238627,0.5,59.39940144112691,-1.1625386079694207,2.2191121119996398,-54,65000
cf1_sim,25.67999999999954,-0.2992808488890668,-0.8316288399051636,0.4,49.68000000000049,0.5000809440863161,-0.13925300350148026,0.0,0.22476045440650344,-0.8642586822184761,0.5,60.512666112229205,-1.1624799295601957,2.2184404210350803,-54,65000
cf1_sim,25.69999999999954,-0.28924162182752566,-0.8342465442613922,0.4,50.760000000000495,0.5019613530770584,-0.13088521781143286,0.0,0.23464892933884424,-0.8581017368692359,0.5,61.62965149606787,-1.1624114885318653,2.2177325757586757,-54,65000
cf1_sim,25.71999999999954,-0.2791679746966635,-0.8366962542900613,0.4,51.840000000000494,0.5036823565431076,-0.12248550143345519,0.0,0.24440494190770842,-0.8517850379944292,0.5,62.75041608417059,-1.162333745805779,2.2169884663971855,-55,65000
cf1_sim,25.73999999999954,-0.2690631073427292,-0.8389773944305828,0.4,52.940000000000495,0.5052433676967156,-0.1140570070260764,0.0,0.25402550769553756,-0.8453113029247401,0.5,63.87501882710331,-1.1614734904856185,2.2166135553853454,-55,65000
cf1_sim,25.75999999999954,-0.2589302300885676,-0.8410894523956487,0.4,54.0400000000005,0.5066438627080806,-0.10560289825329139,0.0,0.26350769740387886,-0.8386833072115851,0.5,65.00351911075889,-1.1606052885586677,2.216201843902868,-55,65000
cf1_sim,25.77999999999954,-0.24877256247032042,-0.8430319793661353,0.4,55.1400000000005,0.5078833809123576,-0.09712634852432778,0.0,0.27284863800209647,-0.8319038835122752,0.5,66.13597673041009,-1.159729643595302,2.2157532335435337,-55,65000
cf1_sim,25.79999999999954,-0.2385933319704918,-0.8448045901607258,0.4,56.2400000000005,0.5089615249914311,-0.08863053972952759,0.0,0.2820455138535517,-0.8249759204524527,0.5,67.27245186240943,-1.1588470605209213,2.215267633076596,-55,65000
cf1_sim,25.81999999999954,-0.2283957727478843,-0.8464069633801828,0.4,57.3400000000005,0.5098779611303745,-0.08011866097284899,0.0,0.2910955678188053,-0.8179023614662557,0.5,68.41300503341392,-1.1579580455139422,2.2147449584653227,-55,65000
cf1_sim,25.839999999999538,-0.21818312436491358,-0.8478388415262127,0.4,58.4400000000005,0.5106324191485365,-0.0715939073014948,0.0,0.29999610233539914,-0.8106862036146755,0.5,69.55769708701068,-1.1570631059035401,2.214185132884026,-56,65000
cf1_sim,25.859999999999538,-0.20795863051280958,-0.8491000310948762,0.4,59.5600000000005,0.5112246926051999,-0.06305947843317604,0.0,0.30874448047378683,-0.803330496382578,0.5,70.70658914761432,-1.1553899916374526,2.213991528799549,-56,65000
cf1_sim,25.879999999999537,-0.19772553773521415,-0.8501904026445066,0.4,60.6800000000005,0.5116546388797719,-0.054518577481519226,0.0,0.31733812696899133,-0.7958383404548732,0.5,71.85974258150586,-1.1537122727534481,2.2137597401817004,-56,65000
cf1_sim,25.899999999999537,-0.18748709415068468,-0.8511098908381092,0.4,61.800000000000495,0.5119221792264734,-0.045974409680127164,0.0,0.32577452922757716,-0.7882128864723198,0.5,73.01721895487863,-1.152030498944881,2.2134897075249285,-56,65000
cf1_sim,25.919999999999536,-0.17724654817461455,-0.8518584944602252,0.4,62.920000000000485,0.5120272988035058,-0.03743018110580364,0.0,0.3340512383095362,-0.7804573337674643,0.5,74.17907998875508,-1.1503452207141291,2.2131813793293076,-56,65000
cf1_sim,25.939999999999536,-0.1670071472410809,-0.8524362764082543,0.4,64.04000000000049,0.5119700466766829,-0.02888909740145229,0.0,0.3421658698846924,-0.7725749290812187,0.5,75.34538751063575,-1.1486569892560659,2.212834712111452,-57,65000
cf1_sim,25.959999999999535,-0.15677213652513036,-0.8528433636582374,0.4,65.1800000000005,0.5117505357975275,-0.020354362499160564,0.0,0.3501161051632471,-0.7645689652605927,0.5,76.51620340274002,-1.1461939958541698,2.21284990240202,-57,65000
cf1_sim,25.979999999999535,-0.14654475766601355,-0.853079947205117,0.4,66.32000000000049,0.5113689429558413,-0.01182917734397928,0.0,0.3578996918000894,-0.7564427799380979,0.5,77.6915895466975,-1.143729309596821,2.212825239687201,-57,65000
cf1_sim,25.999999999999535,-0.13632824749187822,-0.8531462819774952,0.4,67.4600000000005,0.5108255087067667,-0.003316738618908124,0.0,0.36551444477251344,-0.7481997541933568,0.5,78.87160776454708,-1.1412635240038194,2.2127607033513956,-57,65000
cf1_sim,26.019999999999534,-0.12612583674643082,-0.8530426867269272,0.4,68.60000000000049,0.5101205372723691,0.005179762528402958,0.0,0.3729582472309908,-0.7398433111974472,0.5,80.05631975590163,-1.1387972328362415,2.212656281622529,-57,65000
cf1_sim,26.039999999999534,-0.11594074881807519,-0.8527695438917926,0.4,69.7400000000005,0.5092543964177816,0.013657141756727487,0.0,0.3802290513226583,-0.7313769148405277,0.5,81.24578703113625,-1.1363310299646394,2.2125119715746417,-58,65000
cf1_sim,26.059999999999533,-0.10577619847203601,-0.8523272994358005,0.4,70.90000000000049,0.5082275173019588,0.022112222799602784,0.0,0.38732487898719253,-0.722804068343293,0.5,82.44007084045953,-1.1330931920963525,2.212723438066022,-58,65000
cf1_sim,26.079999999999533,-0.09563539058597398,-0.8517164626611919,0.4,72.06000000000049,0.5070403943031013,0.030541838730429947,0.0,0.39424382272475367,-0.7141283128528123,0.5,83.63923209872893,-1.1298566490265063,2.2128930469991057,-58,65000
cf1_sim,26.099999999999532,-0.08552151888959758,-0.8509376059967154,0.4,73.22000000000048,0.5056935848188199,0.03894283322382744,0.0,0.4009840463356917,-0.7053532260233146,0.5,84.84333130587508,-1.1266220368818751,2.213020823995929,-58,65000
cf1_sim,26.119999999999532,-0.07543776470877518,-0.8499913647604608,0.4,74.38000000000049,0.5041877090411196,0.04731206181273395,0.0,0.4075437856317196,-0.6964824205824883,0.5,86.05242846280333,-1.1233899913244407,2.213106804372988,-58,65000
cf1_sim,26.13999999999953,-0.0653872957146493,-0.8488784368976456,0.4,75.54000000000048,0.5025234497062946,0.055646393140757866,0.0,0.41392134911826983,-0.6875195428838681,0.5,87.26658298264623,-1.1201611474036524,2.2131510331330304,-59,65000
cf1_sim,26.15999999999953,-0.055373264678252654,-0.8475995826934601,0.4,76.72000000000048,0.5007015518198321,0.06394271020927245,0.0,0.42011511864776196,-0.6784682714458878,0.5,88.48585359724697,-1.116163535045673,2.2135433143770005,-59,65000
cf1_sim,26.17999999999953,-0.04539880823112391,-0.8461556244610849,0.4,77.90000000000047,0.49872282235643733,0.07219791161875821,0.0,0.42612355004352015,-0.6693323154781861,0.5,89.7102982587614,-1.112170284076609,2.2138914449601277,-59,65000
cf1_sim,26.19999999999953,-0.03546704563241795,-0.844547446205007,0.4,79.08000000000051,0.4965881299352982,0.08040891280389598,0.0,0.43194517369409247,-0.6601154133957502,0.5,90.93997403627544,-1.108182071612122,2.214195504204878,-59,65000
cf1_sim,26.21999999999953,-0.025581077543003535,-0.8427759932597687,0.4,80.2600000000005,0.49429840447072054,0.0885726472619167,0.0,0.4375785951177334,-0.6508213313214969,0.5,92.17493700734533,-1.1041995734450305,2.2144555819767175,-60,65000
cf1_sim,26.23999999999953,-0.015743984807038074,-0.8408422719042944,0.4,81.4600000000005,0.491854636798273,0.09668606777371705,0.0,0.44302249549682615,-0.6414538615778859,0.5,93.41524214438022,-1.0994503305795496,2.2150556941679467,-60,65000
cf1_sim,26.25999999999953,-0.005958827241506237,-0.8387473489519494,0.4,82.66000000000051,0.48925787827659184,0.10474614761725227,0.0,0.44827563218202987,-0.6320168211681713,0.5,94.66094319580075,-1.0947078955981209,2.215608995297974,-60,65000
cf1_sim,26.27999999999953,0.0037713575657938436,-0.8364923513164949,0.4,83.86000000000051,0.48650924036500404,0.11274988177272122,0.0,0.45333683916595235,-0.6225140502478975,0.5,95.91209256192342,-1.0899729865908767,2.216115614731636,-60,65000
cf1_sim,26.299999999999528,0.013443555449336623,-0.8340784655541137,0.4,85.06000000000051,0.48360989417713895,0.12069428811906158,0.0,0.4582050275261578,-0.612949410587252,0.5,97.16874116553738,-1.0852463194801436,2.216575693240197,-61,65000
cf1_sim,26.319999999999528,0.02305477684955074,-0.8315069373816881,0.4,86.28000000000051,0.480561070010706,0.12857640862127692,0.0,0.4628791858373341,-0.6033267840248886,0.5,98.43093831716178,-1.0797546667407665,2.2173664235283184,-61,65000
cf1_sim,26.339999999999527,0.03260205798662328,-0.8287790711715257,0.4,87.50000000000051,0.47736405685362704,0.13639331050812073,0.0,0.4673583805524547,-0.593650070913841,0.5,99.69873157499173,-1.0742722935574989,2.2181073714019464,-61,65000
cf1_sim,26.359999999999527,0.0420824620239577,-0.8258962294227323,0.4,88.72000000000051,0.47402020186672084,0.1441420874396665,0.0,0.47164175635278394,-0.5839231885601484,0.5,100.97216659956774,-1.0687999582960825,2.2187987223344523,-61,65000
cf1_sim,26.379999999999526,0.051493080220820636,-0.8228598322094464,0.4,89.94000000000051,0.4705309098431469,0.15181986066429706,0.0,0.47572853646658547,-0.5741500696548156,0.5,102.25128700322732,-1.0633384161640607,2.2194406740635375,-62,65000
cf1_sim,26.399999999999526,0.06083103307371712,-0.8196713566061533,0.4,91.1800000000005,0.46689764264482436,0.15942378016465045,0.0,0.4796180229564078,-0.5643346606997383,0.5,103.53613419442907,-1.0571134167175333,2.220402573999034,-62,65000
cf1_sim,26.419999999999526,0.07009347144603817,-0.8163323360903121,0.4,92.4200000000005,0.4631219186160521,0.16695102579206414,0.0,0.48330959697483195,-0.5544809204282197,0.5,104.82674721706906,-1.050900203422925,2.221311439868734,-62,65000
cf1_sim,26.439999999999525,0.07927757768552945,-0.8128443599225308,0.4,93.6600000000005,0.4592053119745641,0.17439880838906396,0.0,0.4868027189885797,-0.5445928182207128,0.5,106.12316258494455,-1.0446995739291107,2.2221675193089094,-62,65000
cf1_sim,26.459999999999525,0.08838056672913473,-0.8092090725045418,0.4,94.90000000000049,0.4551494521802637,0.1817643708994489,0.0,0.49009692897089385,-0.5346743325164204,0.5,107.42541411155545,-1.038512321581115,2.222971073058664,-63,65000
cf1_sim,26.479999999999524,0.09739968719477253,-0.8054281727152313,0.4,96.1600000000005,0.4509560232818899,0.18904498946552792,0.0,0.493191846562113,-0.5247294492213899,0.5,108.73353273547393,-1.0315629467831289,2.2240825937751745,-63,65000
cf1_sim,26.499999999999524,0.10633222245961005,-0.8015034132249899,0.4,97.4200000000005,0.44662676324187606,0.19623797451206995,0.0,0.4960871711983791,-0.5147621601137368,0.5,110.04754634155303,-1.0246279096206976,2.2251375789321544,-63,65000
cf1_sim,26.519999999999524,0.1151754917244035,-0.7974365997886592,0.4,98.6800000000005,0.4421634632396722,0.20334067181653384,0.0,0.4987826822084241,-0.5047764612466389,0.5,111.36747957828959,-1.017708045670312,2.226136344323177,-63,65000
cf1_sim,26.539999999999523,0.12392685106347967,-0.7932295905173562,0.4,99.94000000000052,0.4375679669538087,0.21035046356515003,0.0,0.5012782388784008,-0.494776351349736,0.5,112.69335367170197,-1.010804184895148,2.2270792196480915,-64,65000
cf1_sim,26.559999999999523,0.13258369445993945,-0.7888842951294676,0.4,101.22000000000051,0.4328421698229888,0.21726476939443187,0.0,0.5035737804847301,-0.4847658302295767,0.5,114.02518623613265,-1.003139383225886,2.2283168458669795,-64,65000
cf1_sim,26.579999999999522,0.14114345482566956,-0.7844026741811135,0.4,102.5000000000005,0.4279880182865062,0.2240810474177003,0.0,0.5056693262949524,-0.4747488971697518,0.5,115.36299108243423,-0.9954915253817717,2.229494215290099,-64,65000
cf1_sim,26.599999999999522,0.14960360500575537,-0.7797867382763893,0.4,103.78000000000051,0.4230075090042905,0.23079679523621086,0.0,0.5075649755365852,-0.4647295493313543,0.5,116.70677802405056,-0.9878614830847662,2.230611717747305,-65,65000
cf1_sim,26.61999999999952,0.15796165876689325,-0.7750385472576997,0.4,105.08000000000051,0.41790268805689335,0.23740955093447938,0.0,0.509260907333998,-0.4547117801544045,0.5,118.05655268155783,-0.9794710615570914,2.232011793599626,-65,65000
cf1_sim,26.63999999999952,0.16621517176940795,-0.7701602093765115,0.4,106.3800000000005,0.4126756501257347,0.24391689405940806,0.0,0.5107573806133303,-0.44469957776088226,0.5,119.41231628628438,-0.9710993625611661,2.2333472536911314,-65,65000
cf1_sim,26.65999999999952,0.1743617425224867,-0.7651538804448551,0.4,107.6800000000005,0.40732853765393806,0.2503164465828203,0.0,0.5120547339754941,-0.4346969233600019,0.5,120.77406548368417,-0.9627473000195483,2.2346185524180133,-65,65000
cf1_sim,26.67999999999952,0.18239901332224848,-0.7600217629679147,0.4,108.9800000000005,0.401863539988089,0.2566058738470199,0.0,0.513153385537307,-0.42470778965637057,0.5,122.14179213719457,-0.9544157793709143,2.235826159662709,-66,65000
cf1_sim,26.69999999999952,0.1903246711722737,-0.7547661052580548,0.4,110.3000000000005,0.3962828925012616,0.2627828854929957,0.0,0.5140538327408273,-0.41473613926166475,0.5,123.51548313336389,-0.9453247896438065,2.2373006775396718,-66,65000
cf1_sim,26.71999999999952,0.19813644868622696,-0.7493892005306367,0.4,111.6200000000005,0.39058887569766265,0.26884523637090213,0.0,0.5147566521309591,-0.40478592311046113,0.5,124.89512018909014,-0.9362552578234045,2.2387064307236284,-66,65000
cf1_sim,26.73999999999952,0.205832124972212,-0.7438933859819877,0.4,112.94000000000047,0.3847838142992527,0.2747907274324491,0.0,0.5152624991014267,-0.3948610788808553,0.5,126.28067966186597,-0.9272081305199252,2.2400439585170453,-67,65000
cf1_sim,26.75999999999952,0.21340952649850617,-0.7382810418498907,0.4,114.28000000000048,0.3788700763147081,0.28061720660484735,0.0,0.5155721076092116,-0.38496552942049994,0.5,127.67213236397683,-0.917401921998303,2.241634186570248,-67,65000
cf1_sim,26.779999999999518,0.22086652794032813,-0.7325545904569716,0.4,115.6200000000005,0.37285007209109794,0.28632256964595754,0.0,0.5156862898575725,-0.375103181178692,0.5,129.0694433816485,-0.907619030727562,2.243150759681313,-67,65000
cf1_sim,26.799999999999518,0.2282010530073012,-0.7267164952373655,0.4,116.96000000000049,0.3667262533486539,0.29190476098030216,0.0,0.5156059359477746,-0.3652779226451359,0.5,130.4725719001873,-0.8978604445586987,2.24459429082,-68,65000
cf1_sim,26.819999999999517,0.2354110752512816,-0.7207692597470533,0.4,118.32000000000049,0.36050111219901987,0.29736177451560625,0.0,0.5153320134996657,-0.35549362279600766,0.5,131.88147103619752,-0.887343095407938,2.2462752878035026,-68,65000
cf1_sim,26.839999999999517,0.24249461885422907,-0.7147154266582625,0.4,119.68000000000046,0.354177180147374,0.30269165443953955,0.0,0.5148655672412549,-0.3457541295479407,0.5,133.29608767799925,-0.8768509778322248,2.2478774681954623,-68,65000
cf1_sim,26.859999999999516,0.24944975939580552,-0.7085575767383356,0.4,121.04000000000048,0.34775702707882183,0.30789249599634255,0.0,0.5142077185674558,-0.33606326822055255,0.5,134.71636233540033,-0.866385120813618,2.249401522781947,-68,65000
cf1_sim,26.879999999999516,0.25627462460039485,-0.7022983278134751,0.4,122.40000000000052,0.341243260229467,0.3129624462430252,0.0,0.5133596650681737,-0.3264248400081263,0.5,136.14222900000283,-0.8559465394514347,2.250848159848537,-69,65000
cf1_sim,26.899999999999515,0.26296739506324623,-0.6959403337177784,0.4,123.7800000000005,0.3346385231425697,0.31789970478483637,0.0,0.5123226800259232,-0.31684262046105965,0.5,137.57361501724182,-0.8447500107178926,2.2525131155201557,-69,65000
cf1_sim,26.919999999999515,0.2695263049554505,-0.6894862832279842,0.4,125.1600000000005,0.3279454946102117,0.3227025244897097,0.0,0.5110981118831814,-0.3073203579776869,0.5,139.01044097136395,-0.8335817411396328,2.2540945995606254,-69,65000
cf1_sim,26.939999999999515,0.2759496427074683,-0.6829388989843562,0.4,126.54000000000048,0.3211668876008906,0.32736921218140064,0.0,0.5096873836796867,-0.29786177230707894,0.5,140.45262058455575,-0.8224427848860283,2.2555934023305255,-70,65000
cf1_sim,26.959999999999514,0.28223575167093773,-0.6763009363981355,0.4,127.94000000000045,0.31430544817347245,0.331898129311037,0.0,0.5080919924599112,-0.28847055306341873,0.5,141.9000606314207,-0.8105462852476017,2.2572934035270817,-70,65000
cf1_sim,26.979999999999514,0.2883830307584965,-0.6695751825459991,0.4,129.34000000000052,0.30736395437793695,0.3362876926068154,0.0,0.5063135086509442,-0.2791503582525473,0.5,143.3526608699875,-0.7986801295561882,2.2589043484965026,-70,65000
cf1_sim,26.999999999999513,0.2943899350613636,-0.6627644550519675,0.4,130.7400000000005,0.30034521514335577,0.3405363747015826,0.0,0.5043535754110344,-0.2699048128112691,0.5,144.81031399039964,-0.7868454104182162,2.260427113446675,-70,65000
cf1_sim,27.019999999999513,0.3002549764444345,-0.6558716009572064,0.4,132.1400000000005,0.2932520691535474,0.3446427047380524,0.0,0.5022139079490546,-0.2607375071600009,0.5,146.27290558239648,-0.7750432020162787,2.2618625928462937,-71,65000
cf1_sim,27.039999999999512,0.3059767241186517,-0.6488994955781782,0.4,133.56000000000046,0.28608738371085957,0.34860526895141475,0.0,0.49989629281515846,-0.2516519957693435,0.5,147.74031412264068,-0.7624845033685466,2.2634779942532646,-71,65000
cf1_sim,27.059999999999512,0.31155380519042236,-0.641851041353596,0.4,134.9800000000005,0.27885405358853316,0.35242271122910507,0.0,0.4974025871629174,-0.24265179574114903,0.5,149.21241098288206,-0.7499594349520673,2.264999484345739,-71,65000
cf1_sim,27.07999999999951,0.3169849051878645,-0.6347291666806458,0.4,136.40000000000046,0.27155499987210646,0.35609373364750974,0.0,0.4947347179832303,-0.23374038540465175,0.5,150.68906045986768,-0.7374691065238965,2.2664280470037346,-71,65000
cf1_sim,27.09999999999951,0.322268768563671,-0.627536824740938,0.4,137.82000000000045,0.26419316879032384,0.3596170969853932,0.0,0.4918946813103143,-0.22492120292822315,0.5,152.17011982781924,-0.7250146067327748,2.267764684318094,-72,65000
cf1_sim,27.11999999999951,0.3274041991743913,-0.6202769923166611,0.4,139.26000000000045,0.2567715305360158,0.3629916212138414,0.0,0.4888845414000944,-0.2161976449473078,0.5,153.6554394141921,-0.7118049253317349,2.2692590212002477,-72,65000
cf1_sim,27.13999999999951,0.33239006073593974,-0.6129526685974106,0.4,140.70000000000044,0.24929307807742246,0.366216185962526,0.0,0.4857064298813224,-0.20757306520908736,0.5,155.14486269931692,-0.6986322945330069,2.2706545704163807,-72,65000
cf1_sim,27.15999999999951,0.33722527725514845,-0.6055668739781686,0.4,142.14000000000044,0.24176082596043597,0.36928973096210255,0.0,0.4823625448797627,-0.199050773234415,0.5,156.63822644039692,-0.6854978352666337,2.2719524264984154,-72,65000
cf1_sim,27.17999999999951,0.34190883343719325,-0.5981226488489172,0.4,143.58000000000044,0.23417780910224067,0.37221125646256653,0.0,0.47885515011579904,-0.1906340329975567,0.5,158.13536082019561,-0.6724026445256238,2.2731537019023396,-73,65000
cf1_sim,27.19999999999951,0.3464397750687299,-0.5906230523763693,0.4,145.04000000000045,0.22654708157683381,0.37497982362739907,0.0,0.47518657397582076,-0.1823260616242653,0.5,159.636089620602,-0.6585538885433498,2.274489543752469,-73,65000
cf1_sim,27.21999999999951,0.35081720937658817,-0.5830711612783024,0.4,146.50000000000045,0.2188717153929124,0.3775945549033459,0.0,0.4713592085577626,-0.17413002810870976,0.5,161.14023042110406,-0.6447457386921858,2.2757217191315378,-73,65000
cf1_sim,27.239999999999508,0.35504030536188047,-0.5754700685909888,0.4,147.96000000000046,0.2111547992646152,0.380054634365681,0.0,0.46737550869117983,-0.16604905204977172,0.5,162.64759482203672,-0.6309793205620733,2.2768514353481137,-73,65000
cf1_sim,27.259999999999508,0.3591082941093927,-0.5678228824302125,0.4,149.42000000000047,0.2033994373756116,0.38235930803881707,0.0,0.4632379909322505,-0.15808620240721527,0.5,164.1579886923007,-0.6172557328553926,2.277879917083133,-74,65000
cf1_sim,27.279999999999507,0.36302046907213337,-0.5601327247463698,0.4,150.90000000000046,0.1956087481370315,0.38450788419213555,0.0,0.4589492325341083,-0.15024449627822695,0.5,165.67121244107526,-0.6027805561167251,2.2790189547740356,-74,65000
cf1_sim,27.299999999999507,0.366776186330928,-0.5524027300741514,0.4,152.38000000000045,0.18778586293973307,0.3864997336109166,0.0,0.4545118703929186,-0.14252689769481564,0.5,167.187061312869,-0.5883496758723364,2.28004946045979,-74,65000
cf1_sim,27.319999999999506,0.37037486482895615,-0.5446360442773062,0.4,153.86000000000044,0.17993392490140783,0.38833428984226215,0.0,0.44992859997011847,-0.1349363164425526,0.5,168.7053257050792,-0.5739642154043674,2.2809727553836012,-74,65000
cf1_sim,27.339999999999506,0.37381598658113663,-0.5368358232889879,0.4,155.34000000000043,0.17205608760902377,0.39001104941591286,0.0,0.4452021741912542,-0.12747560690112514,0.5,170.2257915070503,-0.5596252680630303,2.281790177317104,-74,65000
cf1_sim,27.359999999999506,0.3770990968582788,-0.5290052318481905,0.4,156.82000000000042,0.1641555138571096,0.3915295720398715,0.0,0.4403354023218552,-0.12014756690716644,0.5,171.7482404594546,-0.5453338969672623,2.2825030799208026,-75,65000
cf1_sim,27.379999999999505,0.3802238043459265,-0.5211474422327754,0.4,158.32000000000045,0.1562353743823851,0.3928894807707539,0.0,0.435331148820797,-0.11295493663981693,0.5,173.27245053264753,-0.5302941456567597,2.2832980787782433,-75,65000
cf1_sim,27.399999999999505,0.3831897812778314,-0.5132656329895994,0.4,159.82000000000042,0.14829884659524337,0.39409046215880056,0.0,0.43019233217161024,-0.10590039752946256,0.5,174.79819632249584,-0.5153035892092461,2.283981123681098,-75,65000
cf1_sim,27.419999999999504,0.38599676354400325,-0.5053629876622496,0.4,161.3200000000004,0.14034911330859243,0.39513226636748944,0.0,0.42492192369220505,-0.09898657119008658,0.5,176.32524946202466,-0.5003633087530998,2.284553664880253,-75,65000
cf1_sim,27.439999999999504,0.3886445507732946,-0.4974426935168955,0.4,162.82000000000042,0.13238936146456498,0.3960147072677042,0.0,0.4195229463234869,-0.09221601837566157,0.5,177.853379047096,-0.4854743521161141,2.2850171672874295,-75,65000
cf1_sim,27.459999999999503,0.39113300639048665,-0.48950794026676714,0.4,164.32000000000045,0.12442278085960501,0.39673766250641884,0.0,0.41399847339734974,-0.08559123796099916,0.5,179.38235207420607,-0.4706377335713997,2.2853731097523076,-75,65000
cf1_sim,27.479999999999503,0.39346205764785547,-0.4815619187957697,0.4,165.82000000000042,0.11645256286844183,0.39730107354987176,0.0,0.40835162738453873,-0.07911466594746464,0.5,-179.08806611161623,-0.4558544335987438,2.2856229843347386,-75,65000
cf1_sim,27.499999999999503,0.3956316956312047,-0.47360781988174544,0.4,167.32000000000042,0.10848189916746141,0.3977049457012128,0.0,0.4025855786228846,-0.0727886744939546,0.5,-177.55811136091944,-0.4411253986615198,2.2857682955723675,-76,65000
cf1_sim,27.519999999999502,0.39764197524036443,-0.4656488329198931,0.4,168.84000000000043,0.10051398045798607,0.39794934809261545,0.0,0.3967035440264193,-0.06661557097352477,0.5,-176.0280202581289,-0.42565361662766327,2.2859592801512316,-76,65000
cf1_sim,27.5399999999995,0.3994930151441639,-0.457688144646856,0.4,170.36000000000044,0.09255199518997291,0.398034413651858,0.0,0.3907087857758888,-0.060597597056044394,0.5,-174.49802965626873,-0.4102378827586142,2.2860382612701713,-76,65000
cf1_sim,27.5599999999995,0.40118499770989674,-0.4497289378659882,0.4,171.88000000000045,0.08459912828664161,0.39796033904338707,0.0,0.3846046099911883,-0.054736927817246095,0.5,-172.9683762103726,-0.39487915039744104,2.2860068361103005,-76,65000
cf1_sim,27.5799999999995,0.40271816890730755,-0.44177439017431047,0.4,173.40000000000046,0.07665855987054174,0.39772738458388734,0.0,0.3783943653862508,-0.04903567087452493,0.5,-171.43929591186114,-0.3795783359331788,2.2858666125647047,-76,65000
cf1_sim,27.5999999999995,0.4040928381871389,-0.43382767269166267,0.4,174.9200000000005,0.06873346399156909,0.397335874132391,0.0,0.3720814419069286,-0.04349586554983409,0.5,-169.91102362615516,-0.36433631864047705,2.2856192084252833,-76,65000
cf1_sim,27.6199999999995,0.4053093783342877,-0.42589194879256326,0.4,176.44000000000048,0.06082700735743984,0.3967861949549717,0.0,0.3656692693524112,-0.03811948206001087,0.5,-168.3837926357644,-0.34915394053691906,2.2852662505667554,-76,65000
cf1_sim,27.6399999999995,0.4063682252956303,-0.41797037284128175,0.4,177.9600000000005,0.05294234806713029,0.3960787975640762,0.0,0.3591613159807343,-0.03290842073485689,0.5,-166.8578341910422,-0.3340320062579743,2.28480937412816,-76,65000
cf1_sim,27.6599999999995,0.4072698779825861,-0.41006608893063057,0.4,179.4800000000005,0.045082634347788864,0.3952141955325597,0.0,0.3525610870989354,-0.027864511263285263,0.5,-165.33337707072621,-0.31897128294974386,2.284250221692288,-76,65000
cf1_sim,27.6799999999995,0.4080148980484986,-0.4021822296249806,0.4,-178.9999999999995,0.03725100329562549,0.3941929652824977,0.0,0.34587212363842273,-0.022989511967836274,0.5,-163.8106471543003,-0.30397250017946686,2.2835904424633715,-76,65000
cf1_sim,27.6999999999995,0.40860390964092425,-0.39432191470800343,0.4,-177.47999999999945,0.029450579621282044,0.39301574584885995,0.0,0.3390980007161269,-0.01828510910785086,0.5,-162.2898670081046,-0.2890363498638301,2.282831691443462,-76,65000
cf1_sim,27.719999999999498,0.40903759912892795,-0.3864882499356406,0.4,-175.95999999999947,0.021684474400185734,0.3916832386181414,0.0,0.33224232618201105,-0.013752916211581645,0.5,-160.77125548700337,-0.27416348621513476,2.2819756286078543,-76,65000
cf1_sim,27.739999999999498,0.40931671480549564,-0.37868432579479955,0.4,-174.43999999999946,0.013955783828385117,0.3901962070420538,0.0,0.3253087391535218,-0.009394473437506767,0.5,-159.25502735328382,-0.25935452570525325,2.2810239180799536,-76,65000
cf1_sim,27.759999999999497,0.40944206656518295,-0.3709132162682717,0.4,-172.91999999999945,0.006267587984366546,0.38855547632639376,0.0,0.31830090853756754,-0.005211246965104166,0.5,-157.7413929143126,-0.24461004704751918,2.279978227305959,-76,65000
cf1_sim,27.779999999999497,0.40941452555712987,-0.36317797760636744,0.4,-171.39999999999944,-0.0013770504026537978,0.38676193309521095,0.0,0.3112225315406152,-0.001204628415327369,0.5,-156.23055768032063,-0.229930591196385,2.278840226229763,-76,65000
cf1_sim,27.799999999999496,0.40923502381358046,-0.3554816471057592,0.4,-169.87999999999943,-0.008975087177469601,0.38481652503041164,0.0,0.3040773321675031,0.002624065698984157,0.5,-154.72272204352046,-0.21531666136495092,2.277611586468434,-76,65000
cf1_sim,27.819999999999496,0.40890455385405716,-0.3478272418960204,0.4,-168.35999999999942,-0.01652349797616594,0.3827202604869412,0.0,0.29686905970957,0.006273594492539891,0.5,-153.21808097958967,-0.20076872306032967,2.2762939804886835,-76,65000
cf1_sim,27.839999999999495,0.40842416826534805,-0.34021775773434637,0.4,-166.83999999999938,-0.02401927943545579,0.38047420808370025,0.0,0.28960148722270573,0.009742793196672928,0.5,-151.71682377237894,-0.18628720413675984,2.2748890807846966,-76,65000
cf1_sim,27.859999999999495,0.4077949792574763,-0.3326561678089392,0.4,-165.3199999999994,-0.031459450393587794,0.37807949627035786,0.0,0.2822784099959331,0.013030573617856978,0.5,-150.2191337625257,-0.17187249486649356,2.2733985590576964,-76,65000
cf1_sim,27.879999999999495,0.4070181581958294,-0.3251454215515345,0.4,-163.7999999999994,-0.03884105308234494,0.3755373128702351,0.0,0.2749036440111344,0.016135924565483073,0.5,-148.72518812047758,-0.15752494802840067,2.2718240853976397,-75,65000
cf1_sim,27.899999999999494,0.4060949351096363,-0.3176884434595456,0.4,-162.29999999999941,-0.04616115430965738,0.3728489045994426,0.0,0.2674810243945378,0.019057912248725606,0.5,-147.23515764425593,-0.1440373081598414,2.270117187266427,-75,65000
cf1_sim,27.919999999999494,0.40502659817698916,-0.31028813192829635,0.4,-160.7999999999994,-0.0534168466323564,0.3700155765624635,0.0,0.26001440386058555,0.021795680642338333,0.5,-145.74920658211764,-0.13061619723814216,2.268339315169956,-75,65000
cf1_sim,27.939999999999493,0.40381449318661716,-0.3029473580938087,0.4,-159.29999999999941,-0.060605249518600426,0.36703869172438475,0.0,0.2525076511488053,0.024348451821234962,0.5,-144.26749248010933,-0.11726177864536395,2.266492058956793,-75,65000
cf1_sim,27.959999999999493,0.402460022976627,-0.2956689646866089,0.4,-157.79999999999936,-0.06772351049950814,0.3639196703599877,0.0,0.24496464945431107,0.026715526263720202,0.5,-142.79016605435058,-0.10397418106242622,2.2645770033887547,-75,65000
cf1_sim,27.979999999999492,0.4009646468504362,-0.2884557648970106,0.4,-156.2999999999994,-0.0747688063095381,0.3606599894799177,0.0,0.2373892948525623,0.028896283123250155,0.5,-141.31737108773194,-0.09075349863526398,2.2625957274011514,-75,65000
cf1_sim,27.999999999999492,0.39932987997013303,-0.2813105412523273,0.4,-154.7999999999994,-0.0817383440151587,0.3572611822341638,0.0,0.2297854947190112,0.030890180468614026,0.5,-139.84924435057587,-0.07759979115662087,2.260549803367017,-75,65000
cf1_sim,28.01999999999949,0.3975572927275059,-0.27423604450646555,0.4,-153.2999999999994,-0.08862936213135708,0.3537248372930861,0.0,0.2221571661442714,0.03269675549244072,0.5,-138.38591554467817,-0.06451308426346344,2.2584407963656883,-75,65000
cf1_sim,28.03999999999949,0.39564851009299506,-0.2672349925423408,0.4,-151.7999999999994,-0.09543913172554042,0.3500525982062389,0.0,0.21450823434544203,0.03431562468794774,0.5,-136.92750727003173,-0.051493369649817725,2.2562702634560172,-74,65000
cf1_sim,28.05999999999949,0.3936052109428273,-0.26031006928755585,0.4,-150.3199999999994,-0.10216495750838797,0.3462461627392463,0.0,0.20684263107422396,0.03574648399386088,0.5,-135.47413501342675,-0.03932741123422756,2.254026162421747,-74,65000
cf1_sim,28.07999999999949,0.39142912736460295,-0.2534639236437759,0.4,-148.8399999999994,-0.10880417891121767,0.3423072821889958,0.0,0.199164293022464,0.03698910890744861,0.5,-134.0259071580307,-0.027226727946062346,2.251732344612392,-74,65000
cf1_sim,28.09999999999949,0.3891220439416142,-0.24669916843022743,0.4,-147.35999999999942,-0.11535417114943637,0.3382377606774235,0.0,0.19147716022576738,0.0380433545656243,0.5,-132.5829250129692,-0.015191156063229237,2.249390269665804,-74,65000
cf1_sim,28.11999999999949,0.3866857970161812,-0.24001837934174397,0.4,-145.87999999999943,-0.12181234627164826,0.33403945442417377,0.0,0.18378517446581574,0.03890915579408544,0.5,-131.14528286186152,-0.0032205009957987922,2.247001386581111,-74,65000
cf1_sim,28.13999999999949,0.3841222739323012,-0.2334240939217755,0.4,-144.39999999999944,-0.128176154194002,0.3297142709984245,0.0,0.17609227767203134,0.039586527124469584,0.5,-129.71306802920873,0.008685462445404817,2.2445671330752828,-73,65000
cf1_sim,28.15999999999949,0.38143341225791394,-0.22691881055077193,0.4,-142.93999999999943,-0.1344430837193627,0.3252641685501774,0.0,0.16840241032322703,0.04007556277952112,0.5,-128.28636096348913,0.019744351851405304,2.2420959636207636,-73,65000
cf1_sim,28.179999999999488,0.3786211989870959,-0.2205049874503455,0.4,-141.47999999999942,-0.14061066354090135,0.3206911550213209,0.0,0.16071950984988165,0.04037643662627416,0.5,-126.86523533578313,0.030740845191322,2.239590212369952,-73,65000
cf1_sim,28.199999999999488,0.3756876697225019,-0.21418504170360989,0.4,-140.0199999999994,-0.1466764632297,0.31599728733678073,0.0,0.15304750903768072,0.04048940209727159,0.5,-125.44975815273018,0.04167529660479961,2.237051213486149,-73,65000
cf1_sim,28.219999999999487,0.3726349078383823,-0.2079613482920882,0.4,-138.5599999999994,-0.1526380942059779,0.31118467057608334,0.0,0.14539033443296157,0.04041479207985038,0.5,-124.03998988260872,0.052548087734263296,2.234480287847146,-73,65000
cf1_sim,28.239999999999487,0.3694650436245113,-0.20183623914957496,0.4,-137.0999999999994,-0.15849321069355018,0.30625545712566205,0.0,0.13775190475070082,0.04015301877353983,0.5,-122.6359845933308,0.06335962741556654,2.2318787424834348,-72,65000
cf1_sim,28.259999999999486,0.36618025341136856,-0.19581200223333003,0.4,-135.6599999999994,-0.16423951065713702,0.30121184581224614,0.0,0.13013612928568224,0.03970457351562823,0.5,-121.23779010115176,0.07333219255436335,2.229273603601798,-72,65000
cf1_sim,28.279999999999486,0.3627827586769256,-0.18989088061297646,0.4,-134.21999999999943,-0.16987473672214876,0.29605608101767933,0.0,0.12254690632748005,0.03907002657496861,0.5,-119.84544812891097,0.08324624893924847,2.226647607604419,-72,65000
cf1_sim,28.299999999999486,0.35927482513539405,-0.18407507157746603,0.4,-132.7799999999994,-0.17539667707657902,0.29079045177552176,0.0,0.11498812157989345,0.03825002691410645,0.5,-118.45899447264621,0.09310230928695683,2.224001954967376,-72,65000
cf1_sim,28.319999999999485,0.35565876180830114,-0.17836672576047008,0.4,-131.3399999999994,-0.18080316635464477,0.28541729084979744,0.0,0.10746364658546381,0.037245301919824614,0.5,-117.0784591754523,0.10290091045980744,2.2213378308756226,-71,65000
cf1_sim,28.339999999999485,0.3519369200782647,-0.17276794628454498,0.4,-129.9199999999994,-0.18609208650182052,0.2799389737962549,0.0,0.09997733715570623,0.036056657102213396,0.5,-115.7038667074949,0.11186814909720813,2.2186955892600935,-71,65000
cf1_sim,28.359999999999484,0.3481116927258463,-0.16728078792441461,0.4,-128.49999999999943,-0.19126136762092005,0.2743579180065176,0.0,0.0925330318076831,0.034684975762386216,0.5,-114.3352361511279,0.12078094063495763,2.216043690752091,-71,65000
cf1_sim,28.379999999999484,0.34418551294986854,-0.16190725628970448,0.4,-127.07999999999943,-0.1963089887988877,0.26867658173550624,0.0,0.0851345502075466,0.033131218628974834,0.5,-112.97258139011223,0.12963990461664954,2.213383214442455,-71,65000
cf1_sim,28.399999999999483,0.3401608533715892,-0.15664930702745405,0.4,-125.65999999999941,-0.2012329789139684,0.26289746311252166,0.0,0.07778569162167165,0.03139642346354854,0.5,-111.61591130198092,0.13844568180297734,2.21071522312824,-70,65000
cf1_sim,28.419999999999483,0.3360402250231305,-0.15150884504472636,0.4,-124.25999999999941,-0.20603141742293368,0.2570230991363848,0.0,0.07049023337600108,0.029481704635116568,0.5,-110.26522995264692,0.14642817324812898,2.2080920104947004,-70,65000
cf1_sim,28.439999999999483,0.33182617632056954,-0.14648772375162566,0.4,-122.85999999999945,-0.21070243512804857,0.25105606465503544,0.0,0.06325192932421855,0.02738825266388356,0.5,-108.92053679240534,0.15436067264414652,2.2054691642432585,-70,65000
cf1_sim,28.459999999999482,0.32752129202210006,-0.14158774432502572,0.4,-121.45999999999943,-0.21524421492347295,0.24499897132999743,0.0,0.0560745083253629,0.02511733373444086,0.5,-107.58182685253497,0.16224388387999103,2.2028476432385937,-69,65000
cf1_sim,28.47999999999948,0.3231281921716841,-0.1368106549933032,0.4,-120.07999999999946,-0.21965499252079873,0.23885446658612616,0.0,0.0489616727314936,0.022670289178588654,0.5,-106.24909094176017,0.16931049434313128,2.2002876239971427,-69,65000
cf1_sim,28.49999999999948,0.31864953102861543,-0.13215815034236206,0.4,-118.69999999999942,-0.2239330571534326,0.23262523254705705,0.0,0.04191709688601222,0.020048534927996464,0.5,-104.92231584189044,0.17633108322200974,2.1977359654178317,-69,65000
cf1_sim,28.51999999999948,0.3140879959834246,-0.12763187064322642,0.4,-117.31999999999942,-0.22807675225954271,0.22631398495678176,0.0,0.034944425633241544,0.01725356093692093,0.5,-103.60148450201034,0.18330640165756562,2.1951935262404354,-69,65000
cf1_sim,28.53999999999948,0.30944630646055865,-0.12323340120147075,0.4,-115.93999999999942,-0.23208447614329616,0.21992347208778348,0.0,0.02804727283985886,0.014286930575211132,0.5,-102.28657623064605,0.19023721696391702,2.192661148330739,-68,65000
cf1_sim,28.55999999999948,0.3047272128082762,-0.11896427172874738,0.4,-114.57999999999943,-0.2359546826141228,0.21345647363616824,0.0,0.021229219928775078,0.011150279991846868,0.5,-100.97756688538956,0.19635979733804326,2.190208332308654,-68,65000
cf1_sim,28.57999999999948,0.2999334951762012,-0.1148259557366627,0.4,-113.21999999999942,-0.2396858816037497,0.20691579960423398,0.0,0.014493814426047108,0.007845317449262035,0.5,-99.67442905951432,0.20244118296240005,2.1877717213251855,-68,65000
cf1_sim,28.59999999999948,0.29506796238098604,-0.1108198699532442,0.4,-111.85999999999946,-0.24327663976075953,0.20030428917092508,0.0,0.007844568521404999,0.004373822628721269,0.5,-98.37713226516402,0.20848217218161877,2.1853520616246342,-67,65000
cf1_sim,28.61999999999948,0.2901334507605373,-0.10694737376223172,0.4,-110.51999999999944,-0.24672558102243505,0.19362480955062353,0.0,0.001284957642969764,0.0007376459070282393,0.5,-97.08564311274748,0.21372157071457246,2.1830248184394105,-67,65000
cf1_sim,28.63999999999948,0.2851328230172641,-0.10320976866541703,0.4,-109.17999999999941,-0.2500313871636611,0.18688025484073412,0.0,-0.005181580953266818,-0.003061292395146853,0.5,-95.79992548621783,0.21892384702662362,2.180719865340195,-67,65000
cf1_sim,28.659999999999478,0.28006896705081086,-0.09960829776824655,0.4,-107.8399999999994,-0.2531927983226642,0.18007354485852411,0.0,-0.011551649578636247,-0.007021002793016429,0.5,-94.51994071395727,0.22408981768309033,2.178437858225986,-67,65000
cf1_sim,28.679999999999477,0.27494479478074324,-0.09614414528889288,0.4,-106.49999999999945,-0.25620861350338053,0.1732076239676832,0.0,-0.01782189149110225,-0.011139427445192696,0.5,-93.24564773503246,0.22922031109106425,2.17617943651486,-66,65000
cf1_sim,28.699999999999477,0.26976324095965826,-0.09281843609099143,0.4,-105.17999999999941,-0.25907769105424966,0.166285459895073,0.0,-0.02398899225813328,-0.015414440988646583,0.5,-91.97700326062397,0.2335573028919011,2.1740268822554905,-66,65000
cf1_sim,28.719999999999477,0.2645272619771934,-0.08963223524022863,0.4,-103.85999999999945,-0.2617989491232444,0.1593100425381397,0.0,-0.03004968110259104,-0.01984385140077577,0.5,-90.71396193046844,0.23786202130137502,2.1719024115707124,-66,65000
cf1_sim,28.739999999999476,0.25923983465541434,-0.0865865475849593,0.4,-102.53999999999942,-0.2643713660889537,0.15228438276346676,0.0,-0.03600073223109873,-0.024425400888236637,0.5,-89.45647646418973,0.24213530003679987,2.1698065794755665,-65,65000
cf1_sim,28.759999999999476,0.2539039550360634,-0.08368231736102033,0.4,-101.2399999999994,-0.26679398096754614,0.1452115111969487,0.0,-0.04183896614435506,-0.02915676680218332,0.5,-88.20449780742412,0.2456212836457367,2.1678257949507667,-65,65000
cf1_sim,28.779999999999475,0.24852263716015435,-0.08092042782089894,0.4,-99.93999999999943,-0.26906589379545237,0.1380944770060697,0.0,-0.04756125092887076,-0.034035562579548706,0.5,-86.95797527267587,0.2490789152438694,2.1658773880923907,-65,65000
cf1_sim,28.799999999999475,0.2430989118404021,-0.07830170088740344,0.4,-98.63999999999946,-0.271186265987612,0.13093634667477452,0.0,-0.05316450352960922,-0.03905933870998979,0.5,-85.7168566748651,0.25250902401201564,2.1639618355524797,-65,65000
cf1_sim,28.819999999999474,0.23763582542697925,-0.07582689683197501,0.4,-97.33999999999945,-0.2731543206711427,0.12374020277142164,0.0,-0.058645691003023026,-0.04422558372811053,0.5,-84.48108846155596,0.25591244737833674,2.1620795985639183,-64,65000
cf1_sim,28.839999999999474,0.2321364385670933,-0.07349671397776877,0.4,-96.05999999999942,-0.274969342994298,0.11650914271031175,0.0,-0.06400183174998375,-0.04953172523056509,0.5,-83.2506158378743,0.2585359520470217,2.1603215004815692,-64,65000
cf1_sim,28.859999999999474,0.22660382495888148,-0.07131178842762304,0.4,-94.77999999999945,-0.2766306804105897,0.10924627750728703,0.0,-0.06922999672811209,-0.05497513091763395,0.5,-82.02538288614451,0.261135704097015,2.1585996713577114,-64,65000
cf1_sim,28.879999999999473,0.22104107010012225,-0.06927269381702506,0.4,-93.49999999999949,-0.2781377429379619,0.10195473052989909,0.0,-0.07432731064302145,-0.060553109658857185,0.5,-80.80533268029406,0.2637125266741564,2.156914500694962,-63,65000
cf1_sim,28.899999999999473,0.215451270032264,-0.06737994109217214,0.4,-92.23999999999944,-0.2794900033929126,0.09463763624264562,0.0,-0.0792909531180005,-0.06626291258229577,0.5,-79.59040739508906,0.2655149034216246,2.1553591767140015,-63,65000
cf1_sim,28.919999999999472,0.20983753008027461,-0.06563397831321659,0.4,-90.97999999999942,-0.2806869975994696,0.0872981389477779,0.0,-0.0841181598416636,-0.07210173418698845,0.5,-78.38054841027999,0.2672971080414579,2.153842752211224,-63,65000
cf1_sim,28.939999999999472,0.20420296358881587,-0.06403519048277294,0.4,-89.7199999999994,-0.2817283245729369,0.07993939152218267,0.0,-0.08880622369311203,-0.07806671347815564,0.5,-77.17569640974781,0.26905994232994634,2.152365551196042,-63,65000
cf1_sim,28.95999999999947,0.1985506906552491,-0.06258389939975606,0.4,-88.45999999999943,-0.2826136466783385,0.07256455415084415,0.0,-0.09335249584415323,-0.0841549351246978,0.5,-75.97579147575249,0.27080421344630023,2.1509278837336243,-62,65000
cf1_sim,28.97999999999947,0.1928838368599792,-0.06128036353860821,0.4,-87.21999999999946,-0.2833426897634956,0.06517679305739246,0.0,-0.09775438683813886,-0.09036343063852448,0.5,-74.78077317839492,0.27178038955271655,2.1496250460693602,-62,65000
cf1_sim,28.99999999999947,0.1872055319946455,-0.060124777953963274,0.4,-85.97999999999942,-0.28391524326668477,0.05777927923224688,0.0,-0.10200936764498764,-0.09668917957524203,0.5,-73.5905806604115,0.27274054627926925,2.148363251825332,-62,65000
cf1_sim,29.01999999999947,0.18151890878866883,-0.05911727421078603,0.4,-84.73999999999941,-0.28433116029883376,0.05037518715886219,0.0,-0.10611497069197218,-0.10312911075571934,0.5,-72.4051527174258,0.2736854626287028,2.147142752305844,-62,65000
cf1_sim,29.03999999999947,0.1758271016346644,-0.058257920340014265,0.4,-83.49999999999945,-0.284590357700222,0.04296769353858832,0.0,-0.11006879086985621,-0.10968010350804225,0.5,-71.22442787378954,0.274615921662044,2.145963785662803,-61,65000
cf1_sim,29.05999999999947,0.17013324531323112,-0.0575467208197212,0.4,-82.27999999999946,-0.28469281607166336,0.03555997601465307,0.0,-0.1138684865139789,-0.11633898892936079,0.5,-70.0483444541468,0.2747840077946951,2.14492262521761,-61,65000
cf1_sim,29.07999999999947,0.16444047371762796,-0.05698361658180563,0.4,-81.05999999999943,-0.28463857978015866,0.028155211895778583,0.0,-0.11751178035989435,-0.12310255116712249,0.5,-68.87684065086002,0.2749399449477016,2.1439238041982955,-61,65000
cf1_sim,29.09999999999947,0.15875191857884766,-0.056568485044206786,0.4,-79.83999999999946,-0.2844277569390158,0.020756576879942208,0.0,-0.12099646047318291,-0.1299675287191805,0.5,-67.70985458743806,0.2750844826438228,2.1429675086291096,-61,65000
cf1_sim,29.119999999999468,0.15307070819159876,-0.056301140168630935,0.4,-78.61999999999944,-0.2840605193624452,0.013367243778792406,0.0,-0.12432038115306199,-0.13693061575225485,0.5,-66.54732437810871,0.2752183733289172,2.14205391222304,-60,65000
cf1_sim,29.139999999999468,0.14739996614170578,-0.05618133254376634,0.4,-77.41999999999946,-0.2835371024946495,0.005990381243229975,0.0,-0.12748146380943476,-0.14398846343822003,0.5,-65.38918818367688,0.27459494148492825,2.1412791585048367,-60,65000
cf1_sim,29.159999999999467,0.1417428100354371,-0.05620874949395305,0.4,-76.21999999999943,-0.2828578053134349,-0.0013708475093354398,0.0,-0.13047769781302487,-0.1511376813076839,0.5,-64.23538426381235,0.2739629198613863,2.140547233745321,-60,65000
cf1_sim,29.179999999999467,0.13610235023126943,-0.056383015213263936,0.4,-75.01999999999946,-0.28202299020838384,-0.008713285965544392,0.0,-0.13330714131825738,-0.15837483862031568,0.5,-63.08585102590747,0.2733230233353538,2.139858265958797,-60,65000
cf1_sim,29.199999999999466,0.1304816885745967,-0.05670369092494301,0.4,-73.81999999999944,-0.28103308283363676,-0.01603378558395389,0.0,-0.13596792205855585,-0.16569646575137503,0.5,-61.94052707064616,0.2726759687306892,2.1392123717166007,-59,65000
cf1_sim,29.219999999999466,0.12488391713588984,-0.05717027506613708,0.4,-72.63999999999946,-0.2798885719353428,-0.023329207059703573,0.0,-0.1384582381137372,-0.17309905559388705,0.5,-60.79935123442306,0.2712759424796553,2.138704479580476,-59,65000
cf1_sim,29.239999999999466,0.11931211695281288,-0.0577822034978466,0.4,-71.45999999999943,-0.2785900091538478,-0.030596421585475857,0.0,-0.1407763586491968,-0.18057906497590243,0.5,-59.66226262874889,0.2698705545784015,2.138239139010973,-59,65000
cf1_sim,29.259999999999465,0.11376935677679889,-0.058538849740011514,0.4,-70.27999999999939,-0.27713800880069955,-0.03783231210824554,0.0,-0.1429206246265874,-0.18813291609227434,0.5,-58.529200676777215,0.26846048152716934,2.137816427020423,-59,65000
cf1_sim,29.279999999999465,0.10825869182458772,-0.059439525231637834,0.4,-69.09999999999941,-0.2755332476105584,-0.045033774581316015,0.0,-0.14488944948570848,-0.19575699795038065,0.5,-57.400105147083984,0.26704640094404863,2.1374364100549648,-58,65000
cf1_sim,29.299999999999464,0.10278316253522544,-0.06048347961586066,0.4,-67.93999999999944,-0.2737764644681138,-0.052197719211141275,0.0,-0.1466813197973305,-0.20344766782921161,0.5,-56.27491618482754,0.2648829869020782,2.137191735786771,-58,65000
cf1_sim,29.319999999999464,0.09734579333302314,-0.061669901049829355,0.4,-66.7799999999994,-0.27186846011011523,-0.05932107169843469,0.0,-0.1482947958866952,-0.21120125275123916,0.5,-55.15357434041621,0.2627170969076687,2.136988605948572,-58,65000
cf1_sim,29.339999999999463,0.0919495913969704,-0.06299791653929072,0.4,-65.61999999999944,-0.2698100968026369,-0.06640077447306818,0.0,-0.14972851242743934,-0.21901405096647947,0.5,-54.03602059580342,0.2605493667007576,2.1368270532119813,-58,65000
cf1_sim,29.359999999999463,0.08659754543709629,-0.06446659229773608,0.4,-64.45999999999945,-0.2676022979937056,-0.07343378792226755,0.0,-0.15098117900570657,-0.22688233344815395,0.5,-52.922196388530445,0.25838043244542314,2.136707100552299,-58,65000
cf1_sim,29.379999999999463,0.08129262447826767,-0.06607493412996833,0.4,-63.29999999999942,-0.26524604794143075,-0.0804170916116128,0.0,-0.15205158065421887,-0.23480234539935052,0.5,-51.812043633630154,0.25621093058200645,2.1366287612431742,-57,65000
cf1_sim,29.399999999999462,0.07603777665191197,-0.06782188783993542,0.4,-62.15999999999944,-0.2627423913177848,-0.08734768549835453,0.0,-0.15293857835609548,-0.24277030777008177,0.5,-50.7055047435041,0.2532956709002537,2.136680585894509,-57,65000
cf1_sim,29.41999999999946,0.0708359279961481,-0.06970633966266665,0.4,-61.01999999999941,-0.2600924327881935,-0.09422259113656156,0.0,-0.15364110951821608,-0.2507824187841339,0.5,-49.602522645879176,0.25038108298061174,2.1367722469221984,-57,65000
cf1_sim,29.43999999999946,0.06568998126480603,-0.07172711672013898,0.4,-59.87999999999943,-0.25729733656710335,-0.10103885287361695,0.0,-0.15415818841393908,-0.2588348554750932,0.5,-48.50304079994761,0.24746776052933275,2.1369037298557814,-57,65000
cf1_sim,29.45999999999946,0.06060281474581193,-0.07388298750089067,0.4,-58.7399999999994,-0.254358325949705,-0.1077935390375843,0.0,-0.15448890659499703,-0.26692377523093797,0.5,-47.407003210789995,0.2445562969712431,2.137075011382477,-57,65000
cf1_sim,29.47999999999946,0.055577281089411956,-0.07617266236319005,0.4,-57.59999999999942,-0.2512766828199988,-0.1144837431149688,0.0,-0.1546324332724045,-0.2750453173465751,0.5,-46.31435444217703,0.24164728531805704,2.1372860593523493,-56,65000
cf1_sim,29.49999999999946,0.050616206146703945,-0.07859479406155809,0.4,-56.479999999999436,-0.24805374713540065,-0.12110658491840211,0.0,-0.154588015666225,-0.28319560458370213,0.5,-45.22503962784245,0.23799516239468813,2.1376200389987696,-56,65000
cf1_sim,29.51999999999946,0.045722387818942084,-0.08114797829643376,0.4,-55.35999999999941,-0.24469091638809307,-0.12765921174378378,0.0,-0.15435497932405745,-0.291370744737369,0.5,-44.13900448131419,0.23434644457064602,2.137991407565048,-56,65000
cf1_sim,29.53999999999946,0.04089859491807532,-0.08383075428676208,0.4,-54.23999999999942,-0.24118964504333812,-0.13413879951641622,0.0,-0.15393272840811356,-0.299566832208613,0.5,-43.056195304390236,0.23070168249198234,2.1384001107297084,-56,65000
cf1_sim,29.55999999999946,0.036147566038975794,-0.08664160536527557,0.4,-53.11999999999944,-0.23755144395497624,-0.14054255392567475,0.0,-0.15332074595077083,-0.30777994958253757,0.5,-41.97655899433809,0.22706142595662218,2.1388460861698912,-56,65000
cf1_sim,29.57999999999946,0.031472008443808895,-0.08957895959623074,0.4,-51.99999999999941,-0.23377787975834502,-0.14686771154775852,0.0,-0.15251859407849955,-0.3160061692112033,0.5,-40.90004304989699,0.22342622379806237,2.139329263574547,-55,65000
cf1_sim,29.599999999999458,0.02687459695899168,-0.09264119041535221,0.4,-50.89999999999943,-0.22987057424086085,-0.15311154095607346,0.0,-0.15152591420407302,-0.32424155480069716,0.5,-39.82659557615546,0.21904966198566156,2.1399261577860327,-55,65000
cf1_sim,29.619999999999457,0.02235797288518137,-0.09582661729172827,0.4,-49.79999999999945,-0.2258312036905154,-0.15927134381880267,0.0,-0.15034242718698287,-0.3324821630017461,0.5,-38.75616528837571,0.21467883395642137,2.140557298911097,-55,65000
cf1_sim,29.639999999999457,0.017924742920730423,-0.09913350641139278,0.4,-48.69999999999941,-0.22166149822254722,-0.16534445598322525,0.0,-0.14896793346199705,-0.340724045003236,0.5,-37.68870151483158,0.21031424767997034,2.1412225995474317,-55,65000
cf1_sim,29.659999999999457,0.01357747809903926,-0.10256007138231978,0.4,-47.599999999999426,-0.21736324108455815,-0.1713282485463496,0.0,-0.14740231313580682,-0.3489632481280008,0.5,-36.62415419872391,0.205956409835829,2.1419219651071906,-55,65000
cf1_sim,29.679999999999456,0.009318712740232205,-0.10610447396054844,0.4,-46.499999999999446,-0.21293826794035275,-0.17722012891143313,0.0,-0.14564552605172376,-0.35719581743024154,0.5,-35.562473899234924,0.20160582571147934,2.142655293836036,-55,65000
cf1_sim,29.699999999999456,0.005150943417576473,-0.10976482479714775,0.4,-45.399999999999416,-0.20838846613278658,-0.18301754182996538,0.0,-0.1436976118224022,-0.3654177972939359,0.5,-34.503611791778575,0.19726299910075,2.143422476833611,-54,65000
cf1_sim,29.719999999999455,0.0010766279390580927,-0.1135391842057217,0.4,-44.31999999999943,-0.20371577392591902,-0.18871797042869765,0.0,-0.1415586898305709,-0.37362523303159995,0.5,-33.44751966750295,0.1921799452999263,2.1442906121678114,-54,65000
cf1_sim,29.739999999999455,-0.002901815655477375,-0.11742556295014787,0.4,-43.23999999999945,-0.1989221797267734,-0.19431893722130839,0.0,-0.13922895919777606,-0.3818141724827597,0.5,-32.39414993209566,0.18710504673582898,2.145189081159953,-54,65000
cf1_sim,29.759999999999454,-0.006782010081217692,-0.12142192305223387,0.4,-42.159999999999414,-0.19400972128701582,-0.19981800510429948,0.0,-0.13670869872114527,-0.38998066761149536,0.5,-31.343455603942996,0.18203876871693522,2.1461177629742347,-54,65000
cf1_sim,29.779999999999454,-0.010561619778915139,-0.12552617861896836,0.4,-41.07999999999943,-0.18898048488487235,-0.2052127783367249,0.0,-0.13399826677819926,-0.3981207761024175,0.5,-30.295390311688443,0.17698157483932675,2.147076530395252,-54,65000
cf1_sim,29.799999999999454,-0.014238351868667367,-0.12973619668903555,0.4,-39.999999999999446,-0.18383660448761138,-0.21050090350335982,0.0,-0.13109810119974807,-0.40623056295443577,0.5,-29.24990829123622,0.1719339268984562,2.148065249852331,-54,65000
cf1_sim,29.819999999999453,-0.017809957086565905,-0.13404979809825404,0.4,-38.91999999999941,-0.17858026089492685,-0.21568007046092474,0.0,-0.1280087191109216,-0.4143061020716839,0.5,-28.20696438224067,0.16689628480121765,2.149083781445087,-54,65000
cf1_sim,29.839999999999453,-0.021274230703837195,-0.13846475836359376,0.4,-37.83999999999943,-0.17321368086356442,-0.22074801326698615,0.0,-0.1247307167403997,-0.4223434778509626,0.5,-27.166514024121934,0.1618691064784378,2.1501319789701863,-53,65000
cf1_sim,29.859999999999452,-0.02462901342810802,-0.142978808585417,0.4,-36.77999999999944,-0.1677391362135413,-0.2257025110911618,0.0,-0.12126476919791535,-0.4303387867650662,0.5,-26.12851325164488,0.15610192441711074,2.151264310861726,-53,65000
cf1_sim,29.879999999999452,-0.02787219228643436,-0.14758963636758232,0.4,-35.71999999999946,-0.16215894291631705,-0.2305413891082663,0.0,-0.11761163022012067,-0.4382881389413583,0.5,-25.09291869009752,0.15034532503689754,2.1524222410195795,-53,65000
cf1_sim,29.89999999999945,-0.031001701489739963,-0.1522948867550431,0.4,-34.65999999999942,-0.1564754601652802,-0.2352625193730395,0.0,-0.11377213188491764,-0.44618765973496577,0.5,-24.05968755010084,0.14459973116627162,2.1536056164609545,-53,65000
cf1_sim,29.91999999999945,-0.034015523278318416,-0.15709216318856525,0.4,-33.59999999999944,-0.15069108942892254,-0.23986382167610767,0.0,-0.10974718429436603,-0.4540334912959596,0.5,-23.02877762208267,0.13886556354147916,2.1548142786260653,-53,65000
cf1_sim,29.93999999999945,-0.036911688748060015,-0.16197902847618195,0.4,-32.53999999999945,-0.1448082734870801,-0.24434326438083506,0.0,-0.10553777522629576,-0.46182179412989754,0.5,-22.00014727044496,0.13314324073125516,2.1560480634069155,-53,65000
cf1_sim,29.95999999999945,-0.039688278657072536,-0.16695300578099656,0.4,-31.479999999999418,-0.138829495450626,-0.24869886524073073,0.0,-0.10114496975476273,-0.4695487486511024,0.5,-20.973755427451668,0.1274331790619622,2.1573068011770817,-53,65000
cf1_sim,29.97999999999945,-0.042343424212372686,-0.17201157962493824,0.4,-30.41999999999943,-0.1327572777650076,-0.2529286921970841,0.0,-0.09656990983949892,-0.47721055672805407,0.5,-19.949561586864448,0.12173579254309531,2.1585903168224996,-52,65000
cf1_sim,29.99999999999945,-0.04487530783633322,-0.17715219690806844,0.4,-29.379999999999445,-0.12659418119802665,-0.25703086415650944,0.0,-0.09181381388452187,-0.48480344322027824,0.5,-18.927525797349336,0.1152975389561411,2.1599388077969204,-52,65000
cf1_sim,30.01999999999945,-0.04728216391257857,-0.18237226794303021,0.4,-28.33999999999946,-0.12034280381226736,-0.2610035517480888,0.0,-0.08687797626607752,-0.49232365750611484,0.5,-17.9076086556793,0.10887183834822163,2.1613074876094043,-52,65000
cf1_sim,30.03999999999945,-0.04956227951103023,-0.1876691675042264,0.4,-27.29999999999942,-0.11400577992258322,-0.26484497805980967,0.0,-0.08176376683010755,-0.49976747500075636,0.5,-16.889771299752372,0.10245907413013394,2.162696178932363,-52,65000
cf1_sim,30.059999999999448,-0.05171399509181143,-0.19304023589130648,0.4,-26.259999999999437,-0.10758577903906008,-0.26855341935400345,0.0,-0.07647263035943941,-0.5071311986639463,0.5,-15.873975401447014,0.09605962736666743,2.1641046996312774,-52,65000
cf1_sim,30.079999999999448,-0.053735705187728994,-0.19848278000653644,0.4,-25.219999999999448,-0.10108550479587809,-0.272127205761498,0.0,-0.07100608601091335,-0.5144111604967372,0.5,-14.8601831593333,0.08967387671320644,2.165532862796,-52,65000
cf1_sim,30.099999999999447,-0.05562585906505901,-0.20399407444562057,0.4,-24.179999999999463,-0.09450769386650108,-0.2755647219542066,0.0,-0.06536572672267077,-0.5216037230267054,0.5,-13.848357291257178,0.0833021983526968,2.166980476772878,-52,65000
cf1_sim,30.119999999999447,-0.05738296136237156,-0.20957136260153825,0.4,-23.13999999999943,-0.08785511486562746,-0.278864407795884,0.0,-0.059553218591839874,-0.5287052807810323,0.5,-12.838461026814887,0.07694496593310082,2.168447345197735,-52,65000
cf1_sim,30.139999999999446,-0.059005572707138396,-0.21521185778095403,0.4,-22.099999999999444,-0.0811305672383417,-0.2820247589707897,0.0,-0.05357030022286907,-0.5357122617468578,0.5,-11.830458099733296,0.07060255050524038,2.169933267029616,-51,65000
cf1_sim,30.159999999999446,-0.06049231030987662,-0.22091274433275415,0.4,-21.079999999999455,-0.07433688013691118,-0.28504432759000625,0.0,-0.04741878204676542,-0.5426211288183258,0.5,-10.824312740169415,0.06351734169581068,2.1714603406127853,-51,65000
cf1_sim,30.179999999999445,-0.06184184853559017,-0.22667117878825754,0.4,-20.059999999999466,-0.06747691128567743,-0.28792172277517025,0.0,-0.04110054561151355,-0.5494283812297387,0.5,-9.819989666943775,0.05644661420217315,2.173001380290051,-51,65000
cf1_sim,30.199999999999445,-0.06305291945228009,-0.2324842910126452,0.4,-19.039999999999427,-0.06055354583449593,-0.2906556112193823,0.0,-0.03461754284395546,-0.5561305559742507,0.5,-8.81745407971958,0.049390714014553014,2.174556187297697,-51,65000
cf1_sim,30.219999999999445,-0.06412431335630375,-0.23834918536714664,0.4,-18.01999999999944,-0.053569695201183376,-0.293244717725072,0.0,-0.02797179528342819,-0.5627242292075282,0.5,-7.816671651139148,0.042349984576706315,2.176124558828991,-51,65000
cf1_sim,30.239999999999444,-0.06505487927437245,-0.24426294188151867,0.4,-16.999999999999453,-0.04652829590343523,-0.29568782571860147,0.0,-0.02116539328746414,-0.5692060176358194,0.5,-6.817608518928656,0.03532476673357322,2.1777062880671854,-51,65000
cf1_sim,30.259999999999444,-0.06584352544198607,-0.2502226174363467,0.4,-15.979999999999466,-0.03943230838068107,-0.29798377774140317,0.0,-0.014200495209872377,-0.5755725798878737,0.5,-5.820231277980954,0.028315398679326677,2.179301164219171,-51,65000
cf1_sim,30.279999999999443,-0.06648921975811305,-0.2562252469546958,0.4,-14.959999999999427,-0.03228471580634893,-0.3001314759174537,0.0,-0.0070793265515285975,-0.5818206178701646,0.5,-4.824506972426209,0.02132221590588317,2.1809089725497866,-51,65000
cf1_sim,30.299999999999443,-0.06699099021593333,-0.26226784460263375,0.4,-13.939999999999438,-0.025088522891013917,-0.3021298823968979,0.0,0.00019582091578618233,-0.587946878104872,0.5,-3.8304030876977206,0.014345551151845852,2.182529494416792,-51,65000
cf1_sim,30.319999999999443,-0.06734792530947152,-0.26834740499814663,0.4,-12.91999999999945,-0.0178467546769098,-0.30397801977564504,0.0,0.0076225900521488255,-0.593948153050088,0.5,-2.8378875426024686,0.00738573435187395,2.184162507306479,-50,65000
cf1_sim,30.339999999999442,-0.06755917441595724,-0.274460904427962,0.4,-11.919999999999462,-0.01056245532428595,-0.3056749714907688,0.0,0.015198559278498669,-0.5998212824017195,0.5,-1.8469286814019357,-0.0003198982781637648,2.185807806371417,-50,65000
cf1_sim,30.35999999999944,-0.06762394815375915,-0.2806053020717931,0.4,-10.919999999999423,-0.003238686890095088,-0.3072198821915537,0.0,0.022921243531510038,-0.6055631543765643,0.5,-0.8574952659111044,-0.008009186992110472,2.1874600385638434,-50,65000
cf1_sim,30.37999999999944,-0.06754151871574916,-0.28677754123351384,0.4,-9.919999999999433,0.0041214719004994994,-0.30861195808603903,0.0,0.030788095243955094,-0.6111707069760477,0.5,0.13044353237892706,-0.015681820308679106,2.189118988026518,-50,65000
cf1_sim,30.39999999999944,-0.06731122017796305,-0.29297455057877225,0.4,-8.919999999999446,0.01151492688930589,-0.30985046726292076,0.0,0.03879650535016077,-0.6166409292301147,0.5,1.116918140149153,-0.02333748942951533,2.1907844356166994,-50,65000
cf1_sim,30.41999999999944,-0.06693244878343345,-0.2991932453785459,0.4,-7.919999999999456,0.018938569726480323,-0.3109347399886841,0.0,0.04694380431616163,-0.6219708624207787,0.5,2.1019585900660624,-0.030975888281350072,2.1924561589399003,-50,65000
cf1_sim,30.43999999999944,-0.0664046632010814,-0.30543052875814286,0.4,-6.919999999999468,0.02638927911760237,-0.3118641689798466,0.0,0.05522726319413446,-0.6271576012848357,0.5,3.0855945285563138,-0.03859671355778563,2.1941339323841342,-50,65000
cf1_sim,30.45999999999944,-0.06572738475956241,-0.31168329295114694,0.4,-5.919999999999428,0.033863922075949474,-0.3126382096502031,0.0,0.06364409470069454,-0.6321982951952657,0.5,4.067855223538001,-0.04619966476059583,2.195817527154691,-50,65000
cf1_sim,30.47999999999944,-0.06490019765597302,-0.3179484205578064,0.4,-4.9199999999994395,0.041359355179469925,-0.3132563803329736,0.0,0.07219145431862234,-0.6370901493208454,0.5,5.0487695721051065,-0.05378444424060762,2.197506711309413,-50,65000
cf1_sim,30.49999999999944,-0.06392274913933399,-0.32422278580736175,0.4,-3.919999999999451,0.048872425831951366,-0.31371826247776513,0.0,0.0808664414215794,-0.6418304257635088,0.5,6.02836610816136,-0.0613507572381513,2.199201249794473,-50,65000
cf1_sim,30.51999999999944,-0.06279474966877638,-0.33050325582380713,0.4,-2.919999999999462,0.0563999735278803,-0.31402350082226854,0.0,0.08966610042136575,-0.6464164446730001,0.5,7.006673010000933,-0.06889831192306435,2.2009009044806622,-50,65000
cf1_sim,30.539999999999438,-0.06151597304636665,-0.33678669189457955,0.4,-1.9199999999994226,0.06393883112048661,-0.31417180353862156,0.0,0.09858742193725828,-0.6508455853383734,0.5,7.983718107832743,-0.07642681943421803,2.202605434200152,-50,65000
cf1_sim,30.559999999999437,-0.06008625652451734,-0.34306995074166713,0.4,-0.9199999999994339,0.0714858260924657,-0.31416294235437947,0.0,0.10762734398696355,-0.6551152872559014,0.5,8.959528891246629,-0.08393599391860768,2.2043145947837472,-49,65000
cf1_sim,30.579999999999437,-0.05850550088793994,-0.349349885794628,0.4,0.06000000000055605,0.07903778182887002,-0.3139967526480449,0.0,0.11678275319870962,-0.6592230511729651,0.5,9.934132516618702,-0.09219559607272412,2.2059960911621044,-49,65000
cf1_sim,30.599999999999437,-0.056773670510106726,-0.35562334846501037,0.4,1.0400000000005558,0.08659151889166056,-0.31367313351911824,0.0,0.12605048604399116,-0.663166440107507,0.5,10.907555814454454,-0.10043648878368579,2.2076762371928136,-49,65000
cf1_sim,30.619999999999436,-0.054890793384198555,-0.3618871894216632,0.4,2.0200000000005556,0.09414385629540864,-0.313192047832641,0.0,0.13542733009047575,-0.6669430803426406,0.5,11.879825296668026,-0.10865839670289452,2.2093548004306403,-49,65000
cf1_sim,30.639999999999436,-0.05285696112852581,-0.36813825986642745,0.4,3.000000000000556,0.1016916127836374,-0.31255352223821364,0.0,0.14491002527457092,-0.6705506623960142,0.5,12.850967163796224,-0.11686104729904809,2.211031545963252,-49,65000
cf1_sim,30.659999999999435,-0.05067232896641996,-0.37437341280969705,0.4,3.9800000000005555,0.10923160810529257,-0.3117576471634806,0.0,0.1544952651931421,-0.6739869419635466,0.5,13.821007312146284,-0.12504417089022424,2.212706236445535,-49,65000
cf1_sim,30.679999999999435,-0.04833711568060333,-0.3805895043453387,0.4,4.960000000000556,0.11676066429083165,-0.31080457678208473,0.0,0.16417969841386632,-0.6772497408371507,0.5,14.789971340876592,-0.1332075006755834,2.2143786321343017,-49,65000
cf1_sim,30.699999999999434,-0.045851603542054906,-0.3867833949244608,0.4,5.9400000000005555,0.12427560692742116,-0.3096945289561041,0.0,0.1739599298036968,-0.6803369477960817,0.5,15.757884559009574,-0.1413507727666448,2.21604849092337,-49,65000
cf1_sim,30.719999999999434,-0.04321613821340027,-0.39295195062752064,0.4,6.920000000000556,0.13177326643273174,-0.30842778515299385,0.0,0.1838325218749085,-0.6832465194715505,0.5,16.724771992376354,-0.14947372621813151,2.2177155683790075,-49,65000
cf1_sim,30.739999999999434,-0.04043112862686384,-0.399092044434262,0.4,7.900000000000555,0.1392504793268214,-0.30700469033706634,0.0,0.19379399614818535,-0.6859764811842572,0.5,17.69065839049293,-0.15757610305838682,2.2193796177757465,-49,65000
cf1_sim,30.759999999999433,-0.037497046836831874,-0.40520055749097306,0.4,8.880000000000559,0.14670408950159833,-0.305425652835553,0.0,0.20384083453220497,-0.688524927754509,0.5,18.655568233367543,-0.16565764831934512,2.2210403901325435,-49,65000
cf1_sim,30.779999999999433,-0.034414427847084775,-0.4112743803745591,0.4,9.860000000000557,0.1541309494873549,-0.3036911441793011,0.0,0.21396948071916924,-0.6908900242845968,0.5,19.619525738239506,-0.17371811006608204,2.222697634249314,-49,65000
cf1_sim,30.799999999999432,-0.031183869412767438,-0.4173104143529225,0.4,10.840000000000558,0.1615279217158669,-0.3018016989181693,0.0,0.22417634159572253,-0.6930700069131193,0.5,20.582554866249477,-0.1817572394258982,2.2243510967437827,-49,65000
cf1_sim,30.819999999999432,-0.027806031817176398,-0.4233055726411464,0.4,11.820000000000558,0.16889187977955197,-0.29975791441119565,0.0,0.23445778866869418,-0.6950631835409498,0.5,21.544679329041394,-0.18977479061697922,2.22600052208872,-49,65000
cf1_sim,30.83999999999943,-0.024281637623452722,-0.4292567816529788,0.4,12.800000000000558,0.17621970968618386,-0.29756045059162156,0.0,0.24481015950509438,-0.6968679345285568,0.5,22.505922595296703,-0.19777052097658257,2.227645652649471,-49,65000
cf1_sim,30.85999999999943,-0.020611471401279512,-0.43516098224711613,0.4,13.780000000000559,0.18350831110866053,-0.29521002970686644,0.0,0.2552297591857883,-0.6984827133643983,0.5,23.466307897201112,-0.20574419098876712,2.2292862287218456,-48,65000
cf1_sim,30.87999999999943,-0.016796379428692994,-0.44101513096778727,0.4,14.74000000000056,0.19075459862932595,-0.29270743603355587,0.0,0.26571286177226705,-0.6999060473041212,0.5,24.425858236844817,-0.2144742899579147,2.2308472588324104,-48,65000
cf1_sim,30.89999999999943,-0.012837269369126039,-0.4468162012791416,0.4,15.700000000000564,0.1979555029783478,-0.29005351556771786,0.0,0.2762557117859301,-0.7011365379803114,0.5,25.384596392556507,-0.22318296946081884,2.2323974013948455,-48,65000
cf1_sim,30.91999999999943,-0.008735109923812922,-0.45256118479294705,0.4,16.66000000000056,0.20510797226565586,-0.28724917569027114,0.0,0.28685452569928505,-0.7021728619825474,0.5,26.342544925172326,-0.23186999100478786,2.2339364139784728,-48,65000
cf1_sim,30.93999999999943,-0.004490930459693963,-0.45824709248910583,0.4,17.620000000000562,0.21220897320594792,-0.2842953848079385,0.0,0.2975054934384722,-0.7030137714075283,0.5,27.299726184240452,-0.2405351189931776,2.2354640525598177,-48,65000
cf1_sim,30.95999999999943,-0.00010582061296849927,-0.4638709559285004,0.4,18.58000000000056,0.2192554923362732,-0.28119317196972926,0.0,0.30820477989651046,-0.703658094379053,0.5,28.256162314162314,-0.24917812074780826,2.236980071556661,-48,65000
cf1_sim,30.97999999999943,0.004419070131545628,-0.46942982845768333,0.4,19.540000000000564,0.2262445372257064,-0.2779436264591443,0.0,0.31894852645666005,-0.7041047355376432,0.5,29.211875260271544,-0.2577987665309659,2.238484223862318,-48,65000
cf1_sim,30.999999999999428,0.009082532885078187,-0.47492078640492863,0.4,20.500000000000565,0.23317313767662792,-0.27454789736226587,0.0,0.32973285252529444,-0.704352676499613,0.5,30.166886774851587,-0.2663968295669824,2.2399762608802067,-48,65000
cf1_sim,31.019999999999428,0.013883299823420793,-0.48034093026716673,0.4,21.460000000000566,0.24003834691713033,-0.2710071931119061,0.0,0.3405538570736669,-0.7044009762854024,0.5,31.121218423093406,-0.27497208606342877,2.2414559325586128,-48,65000
cf1_sim,31.039999999999427,0.018820044679102258,-0.48568738588732663,0.4,22.420000000000567,0.24683724278407326,-0.26732278100799484,0.0,0.351407620187956,-0.7042487717170023,0.5,32.074891588994156,-0.2835243152318655,2.2429229874257053,-48,65000
cf1_sim,31.059999999999427,0.02389138325702854,-0.49095730562161466,0.4,23.380000000000564,0.25356692889631405,-0.26349598671440033,0.0,0.3622902046269702,-0.7038952777843093,0.5,33.02792748119836,-0.29205329930822854,2.24437717262478,-48,65000
cf1_sim,31.079999999999426,0.029095873973381425,-0.49614786949626233,0.4,24.34000000000057,0.2602245358176443,-0.25952819373238245,0.0,0.37319765738688915,-0.7033397879802676,0.5,33.98034713878283,-0.30055882357273705,2.245818233949741,-48,65000
cf1_sim,31.099999999999426,0.03443201841756078,-0.5012562863532801,0.4,25.30000000000057,0.2668072222089677,-0.25542084285088984,0.0,0.384126011272415,-0.7025816746046596,0.5,34.93217143698662,-0.30904067636944993,2.2472459158807623,-48,65000
cf1_sim,31.119999999999425,0.039898261936945914,-0.5062797949847585,0.4,26.260000000000574,0.2733121759692569,-0.25117543157392025,0.0,0.3950712864737073,-0.7016203890364241,0.5,35.88342109288739,-0.317498649125344,2.2486599616202203,-48,65000
cf1_sim,31.139999999999425,0.04549299424424261,-0.511215665255262,0.4,27.22000000000057,0.27973661536483463,-0.2467935135251737,0.0,0.4060294921484684,-0.7004554619743952,0.5,36.834116671025775,-0.3259325363689892,2.2500601131287787,-48,65000
cf1_sim,31.159999999999425,0.05121455004717313,-0.5160611992118667,0.4,28.18000000000057,0.28607779014652607,-0.24227669783023564,0.0,0.41699662800854975,-0.69908650364636,0.5,37.78427858897906,-0.33434213574881627,2.2514461111617177,-48,65000
cf1_sim,31.179999999999424,0.05706120970025784,-0.5208137321813974,0.4,29.140000000000573,0.2923329826542355,-0.23762664847653778,0.0,0.42796868591044246,-0.6975132039863562,0.5,38.73392712288575,-0.3427272480509263,2.252817695305456,-48,65000
cf1_sim,31.199999999999424,0.06303119987842797,-0.5254706338544244,0.4,30.100000000000573,0.2984995089085064,-0.23284508365135226,0.0,0.4389416514490171,-0.6957353327801352,0.5,39.68308241292242,-0.35108767721648254,2.2541746040142447,-48,65000
cf1_sim,31.219999999999423,0.0691226942722005,-0.530029309355586,0.4,31.060000000000578,0.30457471968862665,-0.2279337750580839,0.0,0.4499115055538756,-0.6937527397787322,0.5,40.631764468734595,-0.3594232303586625,2.2555165746470722,-48,65000
cf1_sim,31.239999999999423,0.07533381430413748,-0.5344872002998087,0.4,32.02000000000057,0.3105560015968491,-0.222894547211134,0.0,0.46087422608767636,-0.691565354780098,0.5,41.579993174823116,-0.367733717779193,2.25684334350476,-48,65000
cf1_sim,31.259999999999422,0.08166262986630349,-0.538841785834001,0.4,32.98000000000057,0.3164407781083005,-0.2177292767096173,0.0,0.47182578944579445,-0.6891731876787597,0.5,42.527788295887504,-0.37601895298440924,2.2581546458672017,-48,65000
cf1_sim,31.279999999999422,0.08810716007842667,-0.5430905836638055,0.4,33.94000000000057,0.32222651060615953,-0.21243989149022321,0.0,0.4827621721566761,-0.686576328483488,0.5,43.47516948212816,-0.38427875270092776,2.259450216030823,-48,65000
cf1_sim,31.29999999999942,0.09466537406646046,-0.5472311510649959,0.4,34.900000000000574,0.32791069940168915,-0.20702837005951918,0.0,0.49367935248224865,-0.6837749473029661,0.5,44.42215627450874,-0.3925129368908211,2.260729787346172,-48,65000
cf1_sim,31.31999999999942,0.10133519176123477,-0.5512610858791159,0.4,35.860000000000575,0.33349088473871563,-0.201496740706004,0.0,0.5045733120177455,-0.6807692942994631,0.5,45.368768109980586,-0.4007213287663808,2.261993092255692,-48,65000
cf1_sim,31.33999999999942,0.10811448471687782,-0.5551780274929604,0.4,36.82000000000057,0.3389646477821522,-0.19584708069222567,0.0,0.5154400372903063,-0.6775596996105314,0.5,46.315024326670795,-0.4089037548044363,2.263239862331656,-47,65000
cf1_sim,31.35999999999942,0.11500107694868125,-0.5589796578015062,0.4,37.760000000000566,0.34432961159017156,-0.19008151542728677,0.0,0.5262755213557133,-0.6741465732387583,0.5,47.26094416903555,-0.4178504684217292,2.264324108938603,-48,65000
cf1_sim,31.37999999999942,0.12199274579007403,-0.5626637021539075,0.4,38.720000000000574,0.34958344206963876,-0.18420221762006886,0.0,0.5370757653926262,-0.6705304049096144,0.5,48.206546792980305,-0.42598087822605346,2.2655341627994576,-47,65000
cf1_sim,31.39999999999942,0.12908722276836246,-0.5662279302821778,0.4,39.66000000000057,0.3547238489144218,-0.17821140641351374,0.0,0.5478367802936761,-0.6667117638974578,0.5,49.151851270948974,-0.43487602577829443,2.2665752186646904,-47,65000
cf1_sim,31.41999999999942,0.13628219449888654,-0.569670157212184,0.4,40.60000000000056,0.3597485865262046,-0.17211134650030835,0.0,0.5585545882527839,-0.6626912988197602,0.5,50.09687659698302,-0.4437453055938943,2.2675927518599677,-47,65000
cf1_sim,31.43999999999942,0.14357530359723522,-0.5729882441565904,0.4,41.54000000000057,0.36465545491743395,-0.16590434722032674,0.0,0.5692252243480694,-0.6584697373996381,0.5,51.041641691753064,-0.4525885388185006,2.268586517890751,-48,65000
cf1_sim,31.459999999999418,0.150964149609156,-0.5761800993893942,0.4,42.50000000000057,0.3694423005960392,-0.15959276164018987,0.0,0.5798447381197146,-0.6540478861967836,0.5,51.986165407563924,-0.4606132968927376,2.269717194499149,-47,65000
cf1_sim,31.479999999999418,0.15844628995778742,-0.5792436791017004,0.4,43.440000000000566,0.3741070174315707,-0.15317898561531168,0.0,0.5904091951421542,-0.649426630306901,0.5,52.930466533335405,-0.46940358172397995,2.2706657595512825,-47,65000
cf1_sim,31.499999999999417,0.16601924090783562,-0.5821769882383965,0.4,44.380000000000564,0.37864754750241014,-0.14666545683480617,0.0,0.6009146785899624,-0.6446069330297707,0.5,53.874563799560214,-0.4781673098729679,2.2715898123492475,-47,65000
cf1_sim,31.519999999999417,0.1736804785463099,-0.5849780813153892,0.4,45.32000000000056,0.3830618819237143,-0.14005465384963764,0.0,0.6113572907968106,-0.6395898355060701,0.5,54.81847588324085,-0.48690431454892047,2.2724891068954114,-47,65000
cf1_sim,31.539999999999417,0.18142743977942513,-0.5876450632170772,0.4,46.26000000000056,0.3873480616557605,-0.1333490950844027,0.0,0.6217331548068716,-0.634376456323098,0.5,55.762221412807264,-0.49561443197937216,2.2733633969158284,-48,65000
cf1_sim,31.559999999999416,0.18925752334527254,-0.59017608997374,0.4,47.22000000000056,0.39150417829237044,-0.1265513378331393,0.0,0.6320384159180523,-0.6289679910895594,0.5,56.70581897301689,-0.5035036208135862,2.274388330373615,-47,65000
cf1_sim,31.579999999999416,0.1971680908418545,-0.5925693695185313,0.4,48.16000000000056,0.395528374829097,-0.11966397723956401,0.0,0.6422692432164354,-0.6233657119795795,0.5,57.649287109838866,-0.512159196554856,2.275214893000264,-47,65000
cf1_sim,31.599999999999415,0.20515646777007182,-0.5948231624237743,0.4,49.100000000000556,0.39941884641086656,-0.11268964526214609,0.0,0.652421831101317,-0.6175709672461297,0.5,58.59264433532427,-0.5207874209169608,2.2760157014099054,-47,65000
cf1_sim,31.619999999999415,0.21321994459124738,-0.5969357826162629,0.4,50.04000000000055,0.40317384105877785,-0.10563100962443131,0.0,0.6624924008002321,-0.6115851807040588,0.5,59.53590913246404,-0.5293881423705242,2.276790508508262,-47,65000
cf1_sim,31.639999999999414,0.2213557777987627,-0.5989055980712836,0.4,50.98000000000055,0.4067916603757661,-0.09849077275103615,0.0,0.6724772018733594,-0.605409851182936,0.5,60.47909996003616,-0.5379612124443682,2.2775390670950757,-47,65000
cf1_sim,31.659999999999414,0.2295611910033797,-0.6007310314850783,0.4,51.92000000000055,0.4102706602308503,-0.09127167068973731,0.0,0.6823725137067063,-0.5990465519499246,0.5,61.422235257444335,-0.5465064857322677,2.278261129898166,-48,65000
cf1_sim,31.679999999999414,0.2378333760318135,-0.6024105609254801,0.4,52.88000000000055,0.41360925142169025,-0.08397647202008786,0.0,0.6921746469934753,-0.5924969301029153,0.5,62.36533344954932,-0.5542282802304259,2.279150050623309,-47,65000
cf1_sim,31.699999999999413,0.24616949403811725,-0.60394272046046,0.4,53.82000000000055,0.4168059003151872,-0.07660797674899647,0.0,0.7018799452030207,-0.585762705934162,0.5,63.30841295149509,-0.562717302211068,2.2798213431937846,-47,65000
cf1_sim,31.719999999999413,0.2545666766274347,-0.6053261007643342,0.4,54.760000000000545,0.41985912946587295,-0.06916901519371135,0.0,0.7114847860368068,-0.5788456722646755,0.5,64.25149217353157,-0.571178119148295,2.2804653882266437,-47,65000
cf1_sim,31.739999999999412,0.2630220269916715,-0.6065593497013874,0.4,55.70000000000054,0.4227675182118388,-0.06166244685265567,0.0,0.7209855828707874,-0.5717476937496376,0.5,65.19458952583531,-0.5796105980420142,2.2810819384570897,-47,65000
cf1_sim,31.759999999999412,0.27153262105663084,-0.6076411728866786,0.4,56.64000000000054,0.4255297032479667,-0.05409115926456593,0.0,0.7303787861836276,-0.5644707061551156,0.5,66.13772342333044,-0.5880146089850806,2.281670746720454,-47,65000
cf1_sim,31.77999999999941,0.2800955086401555,-0.6085703342238065,0.4,57.58000000000054,0.42814437917623294,-0.04645806685638973,0.0,0.7396608849701983,-0.5570167156063655,0.5,67.0809122905111,-0.5963900251676961,2.28223156598652,-48,65000
cf1_sim,31.79999999999941,0.28870771462081274,-0.6093456564194145,0.4,58.540000000000525,0.43061029903286396,-0.03876610978040349,0.0,0.7488284081397777,-0.5493877978080217,0.5,68.0241745662675,-0.6039398510458905,2.2829751032540617,-47,65000
cf1_sim,31.81999999999941,0.2973662401166554,-0.6099660214742348,0.4,59.48000000000054,0.4329262747921332,-0.031018252741015315,0.0,0.7578779258984006,-0.5415860972364894,0.5,68.96752870871725,-0.6122575332161704,2.2834821075940006,-47,65000
cf1_sim,31.83999999999941,0.30606806367358735,-0.6104303711504693,0.4,60.420000000000535,0.43509117784659795,-0.02321748381172217,0.0,0.7668060511148034,-0.5336138263048552,0.5,69.91099320004354,-0.62054626884897,2.2839603728901676,-47,65000
cf1_sim,31.85999999999941,0.31481014246285904,-0.6107377074153232,0.4,61.36000000000053,0.43710393946358356,-0.015366813242694424,0.0,0.7756094406694167,-0.5254732645006572,0.5,70.85458655134217,-0.6288059436460216,2.2844096529538125,-47,65000
cf1_sim,31.87999999999941,0.3235894134872137,-0.6108870928605125,0.4,62.30000000000053,0.4389635512177322,-0.00746927225946478,0.0,0.7842847967858695,-0.5171667574968524,0.5,71.79832730747914,-0.6370364464224144,2.2848297019036004,-47,65000
cf1_sim,31.89999999999941,0.33240279479520257,-0.6108776510975765,0.4,63.24000000000053,0.44066906539944306,0.00047208814679806227,0.0,0.7928288683444679,-0.5086967162363392,0.5,72.74223405196044,-0.645237669108625,2.2852202742000265,-48,65000
cf1_sim,31.91999999999941,0.3412471867031834,-0.6107085671288376,0.4,64.20000000000053,0.4422195953990411,0.008454198436947256,0.0,0.8012384521771279,-0.5000656159904026,0.5,73.68632541181579,-0.6526116486414085,2.285809068374746,-47,65000
cf1_sim,31.939999999999408,0.3501194730245138,-0.6103790876938584,0.4,65.14000000000053,0.4436143160665195,0.016473971748960016,0.0,0.8095103943432409,-0.49127599539145295,0.5,74.63062006249822,-0.6607538834115917,2.2861427944816284,-47,65000
cf1_sim,31.959999999999408,0.35901652230544806,-0.6098885215912585,0.4,66.08000000000052,0.44485246404671275,0.024528305129994415,0.0,0.8176415913859635,-0.48233045544045017,0.5,75.5751367328012,-0.6688665431369516,2.286446299386143,-47,65000
cf1_sim,31.979999999999407,0.3679351890672434,-0.6092362399757604,0.4,67.02000000000052,0.4459333380897656,0.03261408077490789,0.0,0.8256289915684287,-0.4732316584894055,0.5,76.51989420979476,-0.6769495323068836,2.2867193392267615,-47,65000
cf1_sim,31.999999999999407,0.37687231505397883,-0.6084216766303455,0.4,67.96000000000052,0.44685629933677384,0.04072816727074226,0.0,0.8334695960893839,-0.4639823271993705,0.5,77.46491134378296,-0.6850027585301448,2.2869616706568014,-48,65000
cf1_sim,32.019999999999406,0.38582473048558846,-0.607444328213412,0.4,68.92000000000051,0.4476207715804824,0.04886742084667733,0.0,0.8411604602777701,-0.4545852434743264,0.5,78.41020705328376,-0.6922277163231204,2.2874148232876617,-47,65000
cf1_sim,32.03999999999941,0.3947892553156072,-0.606303754480833,0.4,69.86000000000051,0.4482262415009366,0.05702868662895353,0.0,0.848698694765765,-0.44504324737140283,0.5,79.35580033003347,-0.7002210885704796,2.2875978003121142,-47,65000
cf1_sim,32.05999999999941,0.40376270049312707,-0.6049995784828277,0.4,70.80000000000051,0.4486722588759915,0.06520879990026134,0.0,0.8560814666398187,-0.4353592359878591,0.5,80.30171024401734,-0.7081844503826635,2.287749331840986,-48,65000
cf1_sim,32.079999999999416,0.412741869228459,-0.6035314867355658,0.4,71.76000000000049,0.448958436766596,0.07340458736309396,0.0,0.8633060005692252,-0.4255361623252727,0.5,81.247955948528,-0.7153190613103281,2.28811900975391,-47,65000
cf1_sim,32.09999999999942,0.42172355826199454,-0.6018992293674346,0.4,72.70000000000049,0.4490844516767769,0.08161286840655815,0.0,0.8703695799117757,-0.41557703413139047,0.5,82.1945566852535,-0.7232221346827058,2.288209686761717,-47,65000
cf1_sim,32.11999999999942,0.4307045591357597,-0.6001026202399118,0.4,73.6400000000005,0.4490500436882583,0.08983045637613621,0.0,0.8772695477960518,-0.4054849127201027,0.5,83.14153178939667,-0.7310949786754998,2.2882681869004284,-48,65000
cf1_sim,32.139999999999425,0.439681659467153,-0.598141537042994,0.4,74.6000000000005,0.44885501656966353,0.09805415984589166,0.0,0.8840033081799274,-0.39526291177001405,0.5,84.08890069482736,-0.7381387124790119,2.2885520697767547,-47,65000
cf1_sim,32.15999999999943,0.4486516442243581,-0.5960159213651418,0.4,75.54000000000049,0.44849923786025486,0.10628078389260955,0.0,0.890568326884855,-0.384914196102089,0.5,85.03668293926948,-0.7459508913701386,2.2885482274366353,-47,65000
cf1_sim,32.17999999999943,0.45761129700292164,-0.5937257787377146,0.4,76.48000000000049,0.44798263892817786,0.11450713137136194,0.0,0.896962132605521,-0.37444198043686194,0.5,85.98489816952416,-0.753732650410998,2.288511483517222,-48,65000
cf1_sim,32.199999999999434,0.46655740130298534,-0.5912711786538748,0.4,77.44000000000048,0.4473052150031865,0.12273000419198837,0.0,0.9031823178944718,-0.3638495281317074,0.5,86.93356614673118,-0.7606850653761192,2.288707270249335,-47,65000
cf1_sim,32.21999999999944,0.47548674180666206,-0.5886522545619551,0.4,78.38000000000048,0.44646702518383624,0.13094620459598083,0.0,0.9092265401213084,-0.35314014989867537,0.5,87.8827067516697,-0.7684058402746091,2.2886067099805447,-48,65000
cf1_sim,32.23999999999944,0.48439610565504493,-0.5858692038332899,0.4,79.34000000000047,0.4454681924191422,0.13915253643326245,0.0,0.9150925224060757,-0.3423172025034034,0.5,88.8323399901005,-0.7752971583458806,2.2887433002275666,-47,65000
cf1_sim,32.259999999999444,0.49328228372433913,-0.5829222877045229,0.4,80.28000000000047,0.4443089034647088,0.1473458064383495,0.0,0.9207780545264642,-0.3313840874456268,0.5,89.78248599815093,-0.7829567758392808,2.2885779426871413,-48,65000
cf1_sim,32.27999999999945,0.5021420719006061,-0.5798118311944152,0.4,81.24000000000045,0.44298940881334925,0.155522825505386,0.0,0.9262809937984677,-0.3203442496218118,0.5,90.73316504774452,-0.7897868800444456,2.288654316582251,-47,65000
cf1_sim,32.29999999999945,0.5109722723526106,-0.5765382229951843,0.4,82.18000000000046,0.44151002260022176,0.1636804099615412,0.0,0.9315992659301424,-0.3092011759704481,0.5,91.68439755207622,-0.7973851925061555,2.2884231884925845,-48,65000
cf1_sim,32.31999999999945,0.519769694802261,-0.5731019153384191,0.4,83.14000000000046,0.4398711224825211,0.17181538283826076,0.0,0.9367308658481251,-0.2979583941005415,0.5,92.63620407113578,-0.8041539921521,2.2884383340121137,-47,65000
cf1_sim,32.339999999999456,0.5285311577921364,-0.5695034238356219,0.4,84.08000000000047,0.43807314949377224,0.1799245751398627,0.0,0.9416738584965825,-0.2866194709038536,0.5,93.58860531727957,-0.8116908774855871,2.2881404703120265,-48,65000
cf1_sim,32.35999999999946,0.5372534899495922,-0.5657433272934425,0.4,85.04000000000046,0.4361166078727859,0.18800482710897146,0.0,0.9464263796082688,-0.2751880111514446,0.5,94.54162216085368,-0.8183983080398646,2.2880933838637154,-48,65000
cf1_sim,32.37999999999946,0.5459335312469391,-0.5618222675036768,0.4,86.00000000000043,0.4340020648673426,0.19605298948828337,0.0,0.9509866364473873,-0.2636676560750792,0.5,95.49527563586847,-0.8250750516004945,2.288015973189644,-47,65000
cf1_sim,32.399999999999466,0.5545681342571928,-0.5577409490081137,0.4,86.94000000000044,0.43173015051268476,0.20406592477815924,0.0,0.9553529085239549,-0.2520620819340621,0.5,96.44958694572706,-0.832519692517906,2.2876175152849907,-48,65000
cf1_sim,32.41999999999947,0.5631541654048908,-0.5535001388383228,0.4,87.90000000000043,0.4293015573849048,0.21204050848954087,0.0,0.959523548279386,-0.2403749985680767,0.5,97.40457746900843,-0.8391350300688349,2.2874763736237607,-48,65000
cf1_sim,32.43999999999947,0.5716885062114774,-0.549100666230489,0.4,88.86000000000043,0.42671704032932783,0.21997363039169063,0.0,0.9634969817430228,-0.2286101479366044,0.5,98.36026876530684,-0.8457196933300416,2.28730414758008,-48,65000
cf1_sim,32.459999999999475,0.5801680545347573,-0.544543422315404,0.4,89.82000000000042,0.42397741616399787,0.22786219575425481,0.0,0.9672717091593459,-0.21677130264550865,0.5,99.31668258112889,-0.8522736967602946,2.2871005827351727,-47,65000
cf1_sim,32.47999999999948,0.588589725801925,-0.5398293597837409,0.4,90.76000000000042,0.42108356335838504,0.2357031265831543,0.0,0.9708463055856178,-0.2048622644613724,0.5,100.27384085584922,-0.8595952724349266,2.2865655099597046,-48,65000
cf1_sim,32.49999999999948,0.5969504542356739,-0.5349594925267448,0.4,91.72000000000041,0.4180364216874432,0.24349336284980783,0.0,0.9742194214597182,-0.19288686281418208,0.5,101.23176572772645,-0.8660879192871773,2.2862962432466456,-48,65000
cf1_sim,32.519999999999484,0.6052471940728971,-0.5299348952524808,0.4,92.6800000000004,0.41483699186115564,0.25122986371319683,0.0,0.9773897831379458,-0.18084895328895784,0.5,102.19047953998017,-0.872549958408624,2.2859948933053063,-48,65000
cf1_sim,32.53999999999949,0.6134769207754914,-0.5247567030777952,0.4,93.6400000000004,0.41148633512971716,0.2589096087342824,0.0,0.9803561934025691,-0.16875241610693076,0.5,103.15000484693023,-0.8789814174123273,2.2856612112645873,-48,65000
cf1_sim,32.55999999999949,0.6216366322327816,-0.5194261110961494,0.4,94.60000000000039,0.40798557286451004,0.2665295990822894,0.0,0.9831175319389259,-0.15660115459687596,0.5,104.11036442019943,-0.8853823271894563,2.2852949497355968,-48,65000
cf1_sim,32.579999999999494,0.6297233499550825,-0.5139443739215019,0.4,95.5600000000004,0.4043358861150415,0.2740868587323743,0.0,0.985672755781879,-0.14439909365721104,0.5,105.07158125498042,-0.8917527218953466,2.284895862848938,-48,65000
cf1_sim,32.5999999999995,0.6377341202579229,-0.5083128052084179,0.4,96.5200000000004,0.40053851514202005,0.28157843565419916,0.0,0.9880208997314494,-0.1321501782094752,0.5,106.03367857636789,-0.8980926389351126,2.2844637062917923,-48,65000
cf1_sim,32.6199999999995,0.645666015436458,-0.5025327771485992,0.4,97.48000000000036,0.39659475892675666,0.28900140299093463,0.0,0.990161076737463,-0.11985837164380646,0.5,106.99667984575657,-0.9044021189488028,2.2839982373448415,-48,65000
cf1_sim,32.6399999999995,0.6535161349295997,-0.4966057199440348,0.4,98.44000000000035,0.3925059746570877,0.2963528602282222,0.0,0.9920924782530538,-0.10752765425703903,0.5,107.9606087673061,-0.9106812057961573,2.2834992149189905,-48,65000
cf1_sim,32.659999999999506,0.6612816064734002,-0.4905331212569823,0.4,99.40000000000036,0.38827357719002414,0.30362993435262675,0.0,0.9938143745568846,-0.09516202168404393,0.5,108.9254892944731,-0.9169299465408763,2.2829663995918867,-48,65000
cf1_sim,32.67999999999951,0.668959587243227,-0.48431652563699995,0.4,100.36000000000035,0.3838990384913429,0.3108297809991168,0.0,0.9953261150439553,-0.0827654833229405,0.5,109.89134563661106,-0.9231483914345107,2.2823995536442654,-48,65000
cf1_sim,32.69999999999951,0.6765472649842739,-0.4779575339252577,0.4,101.32000000000035,0.37938388705234344,0.3179495855871135,0.0,0.9966271284848834,-0.07034206075480785,0.5,110.85820226563867,-0.9293365938998815,2.281798441096065,-48,65000
cf1_sim,32.719999999999516,0.684041859129954,-0.4714578026363646,0.4,102.28000000000034,0.37472970728400334,0.32498656444465374,0.0,0.9977169232535519,-0.05789578615852774,0.5,111.82608392277628,-0.93549461051409,2.281162827742357,-48,65000
cf1_sim,32.73999999999952,0.6914406219077295,-0.46481904331796026,0.4,103.24000000000034,0.36993813888877475,0.33193796592021796,0.0,0.9985950875230336,-0.04543070072139224,0.5,112.79501562535143,-0.9416225009911063,2.280492481189037,-48,65000
cf1_sim,32.75999999999952,0.698740839431935,-0.4580430218883247,0.4,104.20000000000033,0.3650108762102728,0.3388010714817779,0.0,0.999261289429715,-0.03295085304611171,0.5,113.76502267367292,-0.9477203281639345,2.2797871708883104,-48,65000
cf1_sim,32.779999999999525,0.7059398327831573,-0.45113155795227217,0.4,105.16000000000032,0.35994966756111635,0.3455731968026248,0.0,0.9997152772055524,-0.02046029755485916,0.5,114.7361306579731,-0.9537881579663354,2.2790466681739647,-48,65000
cf1_sim,32.79999999999953,0.7130349590737411,-0.4440865240956013,0.4,106.12000000000032,0.3547563145291895,0.3522516928335438,0.0,0.9999568792784084,-0.007963092890989237,0.5,115.70836546541919,-0.9598260594141638,2.2782707462963887,-48,65000
cf1_sim,32.81999999999953,0.7200236124989932,-0.43690984515838316,0.4,107.08000000000031,0.34943267126260097,0.35883394686090525,0.0,0.9999860043404274,0.0045366996809298055,0.5,116.68175328719144,-0.9658341045862763,2.2774591804573694,-48,65000
cf1_sim,32.839999999999534,0.7269032253736657,-0.42960349748737814,0.4,108.0400000000003,0.3439806437336278,0.3653173835502507,0.0,0.999802641384425,0.017035017876131528,0.5,117.6563206256292,-0.9718123686050214,2.2766117478446657,-48,65000
cf1_sim,32.85999999999954,0.7336712691533044,-0.422169508167879,0.4,109.0000000000003,0.3384021889819371,0.37169946597495523,0.0,0.9994068597082741,0.029527799991074473,0.5,118.63209430144285,-0.9777609296163368,2.2757282276663044,-48,65000
cf1_sim,32.87999999999954,0.7403252554400521,-0.4146099542352879,0.4,109.96000000000029,0.3326993143373887,0.37797769662955544,0.0,0.9987988088872888,0.04201098650463306,0.5,119.60910146099101,-0.9836798687694072,2.2748084011846603,-48,65000
cf1_sim,32.899999999999544,0.7468627369725067,-0.40692696186674115,0.4,110.92000000000029,0.32687407662272955,0.3841496184273369,0.0,0.9979787187146127,0.054480521678416285,0.5,120.58736958362182,-0.9895692701959802,2.273852051750267,-48,65000
cf1_sim,32.91999999999955,0.7532813085992367,-0.3991227055531055,0.4,111.88000000000028,0.3209285813364982,0.39021281568178345,0.0,0.9969468991096424,0.06693235515557486,0.5,121.56692648907647,-0.9954292209892046,2.2728589648353723,-48,65000
cf1_sim,32.93999999999955,0.759578608235566,-0.39119940725167557,0.4,112.84000000000027,0.3148649818164665,0.3961649150714943,0.0,0.9957037399945147,0.0793624435574577,0.5,122.54780034495342,-1.0012598111821365,2.271828928067236,-49,65000
cf1_sim,32.95999999999955,0.765752317803245,-0.3831593355199119,0.4,113.82000000000028,0.3086854783839525,0.40200358658818425,0.0,0.9942497111387136,0.09176675207747978,0.5,123.53001967423103,-1.0062684270134599,2.271113123562342,-49,65000
cf1_sim,32.979999999999556,0.771800164152632,-0.3750048046305641,0.4,114.80000000000028,0.30239231746934747,0.4077265444673868,0.0,0.9925853619718561,0.10414125607156452,0.5,124.51361336284663,-1.0112485181564876,2.270363704317602,-49,65000
cf1_sim,32.99999999999956,0.7777199199670161,-0.36673817366853434,0.4,115.78000000000027,0.2959877907192058,0.41333154810148937,0.0,0.9907113213647305,0.1164819426445248,0.5,125.4986106673288,-1.0162002206803642,2.269580434557467,-49,65000
cf1_sim,33.01999999999956,0.7835094046487212,-0.3583618456098397,0.4,116.7600000000003,0.28947423408525513,0.4188164029347334,0.0,0.988628297378679,0.12878481223174928,0.5,126.48504122248016,-1.0211236738091316,2.2687630809604182,-49,65000
cf1_sim,33.039999999999566,0.789166485186635,-0.3498782663830432,0.4,117.74000000000032,0.2828540268956914,0.4241789613398234,0.0,0.9863370769834194,0.14104588017556108,0.5,127.47293504910753,-1.026019019894087,2.2679114126960656,-49,65000
cf1_sim,33.05999999999957,0.7946890770048176,-0.34128992391352736,0.4,118.72000000000031,0.2761295909091292,0.42941712347579336,0.0,0.9838385257434249,0.15326117829561978,0.5,128.46232256179513,-1.0308864043856816,2.2670252014618963,-49,65000
cf1_sim,33.07999999999957,0.8000751447918494,-0.3325993471509916,0.4,119.70000000000029,0.26930338935158665,0.43452883812678694,0.0,0.9811335874729802,0.16542675645273858,0.5,129.45323457671702,-1.0357259758049682,2.266104221519698,-49,65000
cf1_sim,33.099999999999575,0.8053227033105872,-0.32380910508056326,0.4,120.68000000000029,0.2623779259368893,0.43951210352141745,0.0,0.978223283860059,0.1775386841054919,0.5,130.44570231948424,-1.040537885714634,2.2651482497316087,-49,65000
cf1_sim,33.11999999999958,0.8104298181880049,-0.3149218057179157,0.4,121.6600000000003,0.2553557438708848,0.44436496813237825,0.0,0.975108714059168,0.18959305185899142,0.5,131.43975743302136,-1.0453222886895617,2.2641570655958074,-49,65000
cf1_sim,33.13999999999958,0.8153946066848022,-0.30594009508879605,0.4,122.64000000000031,0.24823942483986663,0.4490855314559849,0.0,0.9717910542533237,0.20158597300521153,0.5,132.43543198546698,-1.0500793422869874,2.2631304512818473,-49,65000
cf1_sim,33.159999999999584,0.8202152384444744,-0.2968666561933693,0.4,123.62000000000029,0.24103158798361146,0.45367194477133693,0.0,0.9682715571853341,0.213513585054249,0.5,133.43275847809215,-1.0548092070162036,2.2620681916656205,-49,65000
cf1_sim,33.17999999999959,0.8248899362215433,-0.28770420795579343,0.4,124.60000000000032,0.2337348888534403,0.4581224118787955,0.0,0.9645515516585756,0.2253720512559042,0.5,134.4317698532302,-1.0595120463078744,2.260970074363925,-49,65000
cf1_sim,33.19999999999959,0.8294169765886577,-0.2784555041594438,0.4,125.58000000000034,0.2263520183557206,0.46243518981748166,0.0,0.9606324420074637,0.23715756211097705,0.5,135.4324995022102,-1.0641880264828774,2.259835889768682,-49,65000
cf1_sim,33.219999999999594,0.8337946906222823,-0.2691233323682136,0.4,126.56000000000033,0.21888570168123156,0.4666085895615083,0.0,0.9565157075378268,0.24886633687167242,0.5,136.43498127328704,-1.0688373167208032,2.258665431080748,-49,65000
cf1_sim,33.2399999999996,0.8380214645666987,-0.2597105128343203,0.4,127.54000000000033,0.21133869722082044,0.47064097669466737,0.0,0.9522029019374123,0.2604946250305166,0.5,137.43924947955895,-1.0734600890279689,2.2574584943433416,-49,65000
cf1_sim,33.2599999999996,0.8420957404760544,-0.2502198973930542,0.4,128.52000000000032,0.20371379546778406,0.4745307720633023,0.0,0.9476956526567555,0.27203870779718914,0.5,138.44533890686367,-1.0780565182050879,2.256214878475063,-50,65000
cf1_sim,33.2799999999996,0.8460160168342027,-0.24065436834491213,0.4,129.52000000000035,0.1960138179074138,0.47827645240710465,0.0,0.9429956602606611,0.28349489956268,0.5,139.4532848216429,-1.0818395952842892,2.2553121559546656,-50,65000
cf1_sim,33.299999999999606,0.8497808491520856,-0.23101683732556047,0.4,130.52000000000032,0.1882416158941484,0.4818765509675829,0.0,0.9381046977505569,0.29485954935018766,0.5,140.46312297876491,-1.0855974739946348,2.2543752589195365,-50,65000
cf1_sim,33.31999999999961,0.8533888505424213,-0.22131024416408127,0.4,131.52000000000032,0.18040006951678367,0.4853296580739597,0.0,0.9330246098579911,0.3061290422521772,0.5,141.4748896292929,-1.089330374794166,2.253403968543604,-50,65000
cf1_sim,33.33999999999961,0.8568386922714651,-0.211537555729956,0.4,132.52000000000035,0.17249208645219238,0.4886344217062633,0.0,0.927757312309552,0.31729980085302534,0.5,142.4886215281875,-1.0930385210846454,2.252398069290175,-50,65000
cf1_sim,33.359999999999616,0.8601291042876255,-0.20170176476924823,0.4,133.52000000000032,0.1645206008080134,0.49178954803538816,0.0,0.9223047910635114,0.3283682866366832,0.5,143.50435594192925,-1.0967221391717061,2.2513573489477205,-50,65000
cf1_sim,33.37999999999962,0.8632588757267209,-0.19180588873045007,0.4,134.52000000000032,0.15648857195477203,0.4947938019399084,0.0,0.9166691015184879,0.3393310013787947,0.5,144.52213065604735,-1.1003814582245515,2.2502815986651936,-50,65000
cf1_sim,33.39999999999962,0.8662268553936788,-0.18185296858046132,0.4,135.52000000000032,0.1483989833478994,0.49764600749943794,0.0,0.9108523676944547,0.3501844885227139,0.5,145.54198398253885,-1.1040167102352414,2.249170612986798,-50,65000
cf1_sim,33.419999999999625,0.8690319522204812,-0.17184606761117455,0.4,136.5200000000003,0.14025484134012112,0.5003450484643392,0.0,0.9048567813864132,0.36092533453887227,0.5,146.5639547671615,-1.1076281299775117,2.248024189886292,-50,65000
cf1_sim,33.43999999999963,0.871673135700175,-0.16178827023714268,0.4,137.52000000000032,0.13205917398469075,0.5028898687015936,0.0,0.8986846012910763,0.3715501702669522,0.5,147.58808239658342,-1.111215954965188,2.24684213080072,-50,65000
cf1_sim,33.45999999999963,0.8741494362967739,-0.1516826807848096,0.4,138.52000000000032,0.12381502982994615,0.5052794726166538,0.0,0.8923381521069048,0.3820556722403298,0.5,148.61440680536964,-1.1147804254101907,2.245624240663661,-50,65000
cf1_sim,33.479999999999634,0.8764599458308873,-0.14153242227378734,0.4,139.5200000000003,0.11552547670567105,0.5075129255511118,0.0,0.885819823607862,0.3924385639922599,0.5,149.642968482786,-1.1183217841801036,2.244370327937937,-51,65000
cf1_sim,33.49999999999964,0.8786038178409222,-0.13134063519066694,0.4,140.54000000000033,0.10719360050174696,0.5095893541560199,0.0,0.8791320696912543,0.4026956173432785,0.5,150.67380847939873,-1.1210572257256788,2.2434716641137764,-51,65000
cf1_sim,33.51999999999964,0.8805802679197139,-0.12111047625585254,0.4,141.56000000000034,0.09882250393958393,0.5115079467407195,0.0,0.8722774074000375,0.41282365366931134,0.5,151.70696841344605,-1.123770837761653,2.2425387728860575,-51,65000
cf1_sim,33.539999999999644,0.8823885740264503,-0.11084511718391185,0.4,142.58000000000033,0.09041530533682118,0.5132679535970347,0.0,0.8652584159199836,0.4228195451499788,0.5,152.7424904769584,-1.126462907995577,2.2415714505294586,-51,65000
cf1_sim,33.55999999999965,0.8840280767737662,-0.10054774343793779,0.4,143.60000000000036,0.08197513736579196,0.5148686872987032,0.0,0.8580777355521054,0.43268021599660195,0.5,153.78041744160026,-1.1291337268801631,2.2405694973530323,-51,65000
cf1_sim,33.57999999999965,0.8854981796898911,-0.09022155297841931,0.4,144.62000000000037,0.07350514580624867,0.5163095229759236,0.0,0.8507380666607505,0.4424026436594153,0.5,154.82079266420573,-1.1317835875621522,2.239532717734657,-51,65000
cf1_sim,33.59999999999965,0.886798349455748,-0.07986975500712111,0.4,145.64000000000038,0.06500848829284732,0.5175898985649103,0.0,0.8432421685977877,0.4519838600135072,0.5,155.8636600919794,-1.1344127858307327,2.238460920154838,-51,65000
cf1_sim,33.619999999999656,0.8879281161169058,-0.06949556870647401,0.4,146.6600000000004,0.056488333057891936,0.5187093150323551,0.0,0.8355928586033131,0.46142095252301263,0.5,156.9090642673297,-1.1370216200655248,2.237353917229844,-51,65000
cf1_sim,33.63999999999966,0.8888870732703027,-0.05910222197497989,0.4,147.6800000000004,0.047947857669841824,0.519667336574706,0.0,0.8277930106833173,0.47071106538309226,0.5,157.9570503323029,-1.1396103911841773,2.2362115257441726,-51,65000
cf1_sim,33.65999999999966,0.8896748782256644,-0.0486929501591362,0.4,148.70000000000041,0.03939024776808602,0.5204635907921845,0.0,0.8198455544647618,0.47985140063924486,0.5,159.00766403258086,-1.1421794025894942,2.2350335666823278,-52,65000
cf1_sim,33.679999999999666,0.8902912521415542,-0.03827099478238678,0.4,149.7400000000004,0.030818695794490994,0.5210977688374708,0.0,0.8117534740285219,0.4888392192835018,0.5,160.06095172100666,-1.1439491401602877,2.2342193149476937,-52,65000
cf1_sim,33.69999999999967,0.8907359801359989,-0.02783960227160684,0.4,150.7800000000004,0.022236399722228566,0.5215696255389971,0.0,0.8035198067206644,0.49767184232706907,0.5,161.1169603605977,-1.1457004644574698,2.2333706449619957,-52,65000
cf1_sim,33.71999999999967,0.8910089113716467,-0.017402022681630824,0.4,151.82000000000036,0.013646561782392612,0.5218789794988007,0.0,0.7951476419425345,0.5063466518489866,0.5,162.17573752700412,-1.1474337229804323,2.2324873711969935,-52,65000
cf1_sim,33.739999999999675,0.891109959115425,-0.006961508418332872,0.4,152.86000000000038,0.005052387188913713,0.5220257131648977,0.0,0.7866401199201345,0.5148610920203864,0.5,163.2373314103693,-1.1491492657377864,2.2315693129076952,-52,65000
cf1_sim,33.75999999999968,0.8910391007726707,0.0034786870392300717,0.4,153.90000000000038,-0.003542917137718638,0.5220097728781472,0.0,0.7780004304532895,0.5232126701039407,0.5,164.30179081654404,-1.150847445184571,2.2306162941647147,-52,65000
cf1_sim,33.77999999999968,0.8907963778957224,0.013915310417101846,0.4,154.94000000000037,-0.012136143847415515,0.5218311688935887,0.0,0.769231811645096,0.5313989574281006,0.5,165.36916516760672,-1.1525286161590875,2.2296281438858943,-52,65000
cf1_sim,33.799999999999685,0.89038189616697,0.02434510992462671,0.4,155.9800000000004,-0.020724086437619502,0.5214899753762431,0.0,0.7603375486121666,0.5394175903357361,0.5,166.43950450163618,-1.1541931358193112,2.228604695867001,-52,65000
cf1_sim,33.81999999999969,0.8897958253563681,0.0347648365320543,0.4,157.02000000000032,-0.029303540530096095,0.5209863303713794,0.0,0.7513209721761821,0.5472662711067984,0.5,167.51285947168284,-1.1558413635789082,2.227545788811633,-52,65000
cf1_sim,33.83999999999969,0.8890383992534306,0.045171245247039485,0.4,158.06000000000034,-0.03787130514687515,0.5203204357492595,0.0,0.7421854575372757,0.5549427688546377,0.5,168.58928134388015,-1.1574736610428267,2.226451266360302,-53,65000
cf1_sim,33.859999999999694,0.888109915573734,0.05556109638952712,0.4,159.12000000000035,-0.046424183984832224,0.5194925571243819,0.0,0.7329344229297816,0.5624449203956149,0.5,169.6688219946357,-1.158313537783268,2.2257254404094287,-53,65000
cf1_sim,33.8799999999997,0.8870107358399659,0.06593115686451229,0.4,160.18000000000035,-0.05495898668839998,0.5185030237492582,0.0,0.7235713282608823,0.5697706310916641,0.5,170.75153390683818,-1.159138886388085,2.2249645484313887,-53,65000
cf1_sim,33.8999999999997,0.8857412852375679,0.07627820143216756,0.4,161.24000000000035,-0.06347253011990082,0.5173522283827633,0.0,0.7140996737327021,0.5769178756654672,0.5,171.8374701650121,-1.159950111919605,2.224168433906571,-53,65000
cf1_sim,33.9199999999997,0.884302052445028,0.08659901397482983,0.4,162.30000000000035,-0.07196163962699288,0.5160406271331134,0.0,0.7045229984483953,0.5838846989879141,0.5,172.9266844493517,-1.1607476215709414,2.22333694590241,-53,65000
cf1_sim,33.939999999999706,0.8826935894388935,0.0968903887603405,0.4,163.36000000000035,-0.08042315030672222,0.5145687392755335,0.0,0.6948448790027879,0.5906692168375375,0.5,174.01923102855827,-1.1615318245905566,2.22246993910156,-53,65000
cf1_sim,33.95999999999971,0.8809165112735801,0.10714913170123427,0.4,164.42000000000036,-0.08885390826567623,0.5129371470446881,0.0,0.6850689280581362,0.5972696166316156,0.5,175.11516475140482,-1.1623031322064064,2.2215672738290517,-53,65000
cf1_sim,33.97999999999971,0.8789714958360654,0.11737206160927342,0.4,165.48000000000036,-0.09725077187573399,0.5111464954019572,0.0,0.6751987929055715,0.6036841581286527,0.5,176.2145410369471,-1.1630619575497447,2.2206288160784124,-54,65000
cf1_sim,33.999999999999716,0.8768592835755672,0.12755601144482648,0.4,166.56000000000037,-0.10561061302491154,0.5091974917776525,0.0,0.6652381540128058,0.609911174101957,0.5,177.31741586329582,-1.1630338391272095,2.2200605481784454,-54,65000
cf1_sim,34.01999999999972,0.8745806772083111,0.13769782956059196,0.4,167.64000000000038,-0.11393031836280199,0.507090905788274,0.0,0.6551907235586809,0.6159490709840465,0.5,178.42384575486284,-1.162994633614316,2.219456479832593,-54,65000
cf1_sim,34.03999999999972,0.8721365413975088,0.1477943809391704,0.4,168.7200000000004,-0.12220679054011227,0.504827568928923,0.0,0.6450602439551442,0.6217963294816254,0.5,179.5338877679888,-1.1629447970902285,2.218816482763531,-54,65000
cf1_sim,34.059999999999725,0.8695278024086728,0.15784254842399026,0.4,169.8000000000004,-0.13043694944180104,0.5024083742409929,0.0,0.6348504863572448,0.6274515051608878,0.5,-179.3524005251433,-1.1628847873920434,2.218140435069426,-54,65000
cf1_sim,34.07999999999973,0.8667554477404062,0.1678392339430957,0.4,170.88000000000042,-0.13861773341332456,0.4998342759552715,0.0,0.6245652491617444,0.6329132290029107,0.5,-178.23496105440813,-1.1628150640263917,2.217428221247668,-54,65000
cf1_sim,34.09999999999973,0.8638205257308162,0.17778135972530762,0.4,171.96000000000043,-0.14674610047950024,0.49710628911059607,0.0,0.6142083564949434,0.6381802079289199,0.5,-177.11373527155467,-1.1627360880806956,2.2166797322173206,-55,65000
cf1_sim,34.119999999999735,0.8607241451397062,0.18766586950827194,0.4,173.06000000000043,-0.15481902955550036,0.49422548914821596,0.0,0.6037836566903269,0.6432512252952161,0.5,-175.98866417204715,-1.1618747580917013,2.216300571157403,-55,65000
cf1_sim,34.13999999999974,0.8574674747067164,0.1974897297379124,0.4,174.16000000000042,-0.162833521649492,0.4911930114820233,0.0,0.5932950207566398,0.648125141357563,0.5,-174.85968831904094,-1.1610055339400531,2.2158845991416842,-55,65000
cf1_sim,34.15999999999974,0.8540517426855875,0.20724993075880888,0.4,175.26000000000042,-0.1707866010564419,0.4880100510448243,0.0,0.5827463408370037,0.6528008937048566,0.5,-173.72674786960755,-1.160128919343206,2.215431718516004,-55,65000
cf1_sim,34.179999999999744,0.8504782363547353,0.21694348799502552,0.4,176.3600000000004,-0.17867531654260918,0.48467786181083233,0.0,0.5721415286596901,0.6572774976618971,0.5,-172.58978260332808,-1.1592454193629347,2.214941838803726,-55,65000
cf1_sim,34.19999999999975,0.8467483015043302,0.226567443120917,0.4,177.4600000000004,-0.18649674252025236,0.4811977562945743,0.0,0.5614845139811722,0.661554046661107,0.5,-171.4487319533757,-1.1583555403033228,2.214414876724051,-55,65000
cf1_sim,34.21999999999975,0.8428633419000886,0.2361188652214452,0.4,178.5600000000004,-0.1942479802120804,0.4775711050264102,0.0,0.5507792430220739,0.6656297125830462,0.5,-170.30353504021392,-1.157459789608462,2.2138507562089575,-56,65000
cf1_sim,34.23999999999975,0.838824818723989,0.24559485194154274,0.4,179.68000000000043,-0.2019261588049829,0.473799336004876,0.0,0.5400296768966469,0.6695037460655873,0.5,-169.1541307080373,-1.155786035527173,2.2136529887092666,-56,65000
cf1_sim,34.259999999999756,0.8346342499921374,0.25499253062406413,0.4,-179.1999999999996,-0.20952843659257767,0.4698839341260683,0.0,0.5292397900363981,0.6731754767816291,0.5,-168.00045756408784,-1.1541077329528624,2.2134170302808314,-56,65000
cf1_sim,34.27999999999976,0.8302932099500151,0.26430905943587013,0.4,-178.0799999999996,-0.21705200210611858,0.4658264405903002,0.0,0.5184135686085014,0.6766443136852385,0.5,-166.8424540209804,-1.1524254316670957,2.2131428222372884,-56,65000
cf1_sim,34.29999999999976,0.8258033284453489,0.2735416284815954,0.4,-176.9599999999996,-0.22449407523331238,0.46162845228626387,0.0,0.5075550089296251,0.6799097452261201,0.5,-165.68005834217345,-1.1507396822485416,2.21283031389908,-56,65000
cf1_sim,34.319999999999766,0.8211662902788569,0.28268746090465435,0.4,-175.83999999999958,-0.23185190832459604,0.4572916211529482,0.0,0.4966681158758096,0.6829713395323317,0.5,-164.51320869072535,-1.149051035956413,2.212479462604206,-57,65000
cf1_sim,34.33999999999977,0.8163838345331282,0.2917438139750457,0.4,-174.6999999999996,-0.2391227872864329,0.45281765351956493,0.0,0.48575690128902954,0.6858287445611708,0.5,-163.3418431814751,-1.1465878095696833,2.2124906031506018,-57,65000
cf1_sim,34.35999999999977,0.8114577538799044,0.3007079801635206,0.4,-173.55999999999958,-0.24630403266119053,0.44820830942374856,0.0,0.4748253823810807,0.6884816882181729,0.5,-162.1658999367903,-1.1441229496509624,2.212461888236316,-57,65000
cf1_sim,34.379999999999775,0.806389893866041,0.3095772882016867,0.4,-172.41999999999962,-0.253393000693168,0.44346540190830186,0.0,0.46387758013542624,0.6909299784441756,0.5,-160.98531714602447,-1.141657049750103,2.2123932981298307,-57,65000
cf1_sim,34.39999999999978,0.801182152178434,0.3183491041276221,0.4,-171.27999999999963,-0.2603870843803468,0.43859079629676884,0.0,0.45291751770764455,0.6931735032704118,0.5,-159.8000331288256,-1.1391907036450557,2.212284821943488,-57,65000
cf1_sim,34.41999999999978,0.7958364778882051,0.3270208323165846,0.4,-170.13999999999965,-0.2672837145114447,0.43358640944812454,0.0,0.4419492188251155,0.6952122308416141,0.5,-158.60998640243864,-1.1367245052100718,2.212136457635908,-58,65000
cf1_sim,34.439999999999785,0.790354870674448,0.3355899164964022,0.4,-168.97999999999965,-0.2740803606878578,0.42845420899088005,0.0,0.43097670618658757,0.6970462094071169,0.5,-157.4151157531421,-1.1334868636129583,2.2123440083440733,-58,65000
cf1_sim,34.45999999999979,0.7847393800278464,0.34405384074714035,0.4,-167.81999999999965,-0.280774532330082,0.4231962125369087,0.0,0.42000399986226317,0.6986755672799659,0.5,-156.21536031195618,-1.1302505789365294,2.212509703593742,-58,65000
cf1_sim,34.47999999999979,0.7789921044344821,0.35241013048464653,0.4,-166.65999999999966,-0.28736377966821214,0.41781448687530826,0.0,0.4090351156950443,0.7001005127640468,0.5,-155.01065963475932,-1.1270162872686602,2.2126335699543653,-58,65000
cf1_sim,34.499999999999794,0.7731151905401596,0.36065635342757896,0.4,-165.4999999999997,-0.29384569471612193,0.4123111471466214,0.0,0.398074063703576,0.7013213340492661,0.5,-153.80095378694205,-1.1237846242179987,2.2127156436891715,-58,65000
cf1_sim,34.5199999999998,0.767110832295581,0.36879012054753385,0.4,-164.33999999999966,-0.3002179122289358,0.4066883559977446,0.0,0.38712484648772727,0.7023383990748258,0.5,-152.58618343272556,-1.1205562247662184,2.212755970746708,-59,65000
cf1_sim,34.5399999999998,0.7609812700827128,0.37680908700189114,0.4,-163.15999999999968,-0.3064781106434093,0.40094832271786346,0.0,0.3761914576371461,0.7031521553606452,0.5,-151.36628992926265,-1.116559257995891,2.213144494281639,-59,65000
cf1_sim,34.5599999999998,0.7547287898226959,0.3847109530490064,0.4,-161.97999999999965,-0.3126240130008426,0.39509330235576057,0.0,0.365277880143526,0.7037631298070024,0.5,-150.14121542563387,-1.1125667170646403,2.213488874429596,-59,65000
cf1_sim,34.57999999999981,0.7483557220656527,0.39249346494538334,0.4,-160.79999999999964,-0.3186533878521577,0.389125594818848,0.0,0.35438808481721723,0.7041719284624697,0.5,-148.91090296683925,-1.1085792789687936,2.2137891915207413,-59,65000
cf1_sim,34.59999999999981,0.7418644410627572,0.40015441582446903,0.4,-159.61999999999964,-0.32456405014477757,0.38304754395428575,0.0,0.34352602870881815,0.7043792362602426,0.5,-147.67529660287823,-1.104597619366136,2.2140455364262532,-60,65000
cf1_sim,34.61999999999981,0.7352573638209381,0.4076916465567201,0.4,-158.41999999999965,-0.3303538620909526,0.3768615366125529,0.0,0.33269565353637537,0.7043858167229641,0.5,-146.43434150299592,-1.0998494235181882,2.21464206532643,-60,65000
cf1_sim,34.639999999999816,0.7285369491405943,0.415103046590597,0.4,-157.21999999999966,-0.33602073401718713,0.3705700016938466,0.0,0.32190088411882306,0.7041925116361651,0.5,-145.1879840751599,-1.0951081019751392,2.2151917951832263,-60,65000
cf1_sim,34.65999999999982,0.7217056966367058,0.42238655477415077,0.4,-156.01999999999967,-0.34156262519442687,0.3641754091776897,0.0,0.31114562681628755,0.7038002406904507,0.5,-143.93617209081697,-1.0903743726319166,2.2156948564278203,-60,65000
cf1_sim,34.67999999999982,0.7147661457437323,0.42954016015687346,0.4,-154.81999999999968,-0.3469775446486747,0.3576802691361358,0.0,0.30043376797788035,0.703210001092577,0.5,-142.67885481495938,-1.0856489511986556,2.2161513908945603,-61,65000
cf1_sim,34.699999999999825,0.7077208747046981,0.43656190277149276,0.4,-153.59999999999968,-0.3522635519517108,0.35108713073096587,0.0,0.28976917239760047,0.7024228671455747,0.5,-141.41598314151122,-1.0801587592377133,2.216938733376524,-61,65000
cf1_sim,34.71999999999983,0.7005724995448661,0.4434498743953983,0.4,-152.37999999999968,-0.35741875799160155,0.3443985811952776,0.0,0.27915568177896366,0.7014399897980859,0.5,-140.1475097340228,-1.074677914773887,2.2176763107209165,-61,65000
cf1_sim,34.73999999999983,0.6933236730304123,0.4502022192913958,0.4,-151.15999999999968,-0.36244132572268867,0.33761724479987515,0.0,0.26859711320897167,0.7002625961630982,0.5,-138.87338917163655,-1.069207175891413,2.2183643095224754,-61,65000
cf1_sim,34.759999999999835,0.6859770836125172,0.45681713492749326,0.4,-149.93999999999969,-0.3673294708947587,0.33074578180487213,0.0,0.2580972576420332,0.6988919890062664,0.5,-137.59357810026088,-1.0637472974980875,2.219002928635528,-62,65000
cf1_sim,34.77999999999984,0.6785354543572951,0.46329287267543184,0.4,-148.69999999999965,-0.3720814627611016,0.3237868873969279,0.0,0.2476598783944401,0.6973295462040275,0.5,-136.308035388859,-1.0575241827651538,2.219961659939062,-62,65000
cf1_sim,34.79999999999984,0.6710015418619916,0.4696277384876827,0.4,-147.45999999999967,-0.3766956247651752,0.3167432906125412,0.0,0.23728870965000393,0.6955767201717281,0.5,-135.01672229072852,-1.0513129231365075,2.2208673802190404,-62,65000
cf1_sim,34.819999999999844,0.6633781351578796,0.4758200935526393,0.4,-146.21999999999966,-0.38117033520560106,0.30961775324783286,0.0,0.22698745497744732,0.6936350372619906,0.5,-133.7196026096128,-1.0451143158823761,2.221720338283082,-63,65000
cf1_sim,34.83999999999985,0.6556680546002951,0.4818683549277444,0.4,-144.95999999999967,-0.38550402787922583,0.3024130687552528,0.0,0.21675978586014533,0.6915060971335614,0.5,-132.41664287044856,-1.038153284558549,2.2228833153127483,-63,65000
cf1_sim,34.85999999999985,0.6478741507462553,0.48777099615029745,0.4,-143.69999999999968,-0.38969519270199116,0.2951320611276531,0.0,0.20660934023880262,0.6891915720908939,0.5,-131.10781249451486,-1.0312058396059096,2.2239894878028217,-63,65000
cf1_sim,34.87999999999985,0.639999303220108,0.49352654782570093,0.4,-142.43999999999969,-0.39374237630736375,0.2877775837701729,0.0,0.19653972106765083,0.6866932063947297,0.5,-129.79308397870759,-1.0242728214056493,2.2250391590631478,-63,65000
cf1_sim,34.89999999999986,0.6320464195676663,0.4991335981929087,0.4,-141.1799999999997,-0.3976441826220867,0.2803525183603871,0.0,0.18655449488474182,0.684012815543956,0.5,-128.4724330786182,-1.0173550649365855,2.2260326463935414,-64,65000
cf1_sim,34.91999999999986,0.6240184340992858,0.5045907936668522,0.4,-139.8999999999997,-0.4013992734190212,0.2728597736971741,0.0,0.17665719039690947,0.6811522855290248,0.5,-127.14583899505064,-1.0096759787192338,2.227322860082964,-64,65000
cf1_sim,34.93999999999986,0.6159183067223486,0.5098968393576275,0.4,-138.6199999999997,-0.4050063688468589,0.2653022845387632,0.0,0.16685129707996516,0.6781135720572367,0.5,-125.81328456356103,-1.002013069850653,2.2285524879617684,-64,65000
cf1_sim,34.959999999999866,0.6077490217636188,0.515050499566236,0.4,-137.33999999999966,-0.40846424793649166,0.2576830104304264,0.0,0.15714026379468704,0.674898699750194,0.5,-124.47475644655417,-0.9943672160443777,2.229721906954421,-64,65000
cf1_sim,34.97999999999987,0.599513586781942,0.5200505982566818,0.4,-136.05999999999972,-0.41177174908383757,0.25000493452228356,0.0,0.14752749741915555,0.6715097613137508,0.5,-123.13024532742025,-0.9867392881425112,2.2308315087487474,-65,65000
cf1_sim,34.99999999999987,0.5912150313717635,0.5248960195042356,0.4,-134.7599999999997,-0.4149277705089295,0.24227106237769352,0.0,0.13801636149798274,0.6679489166807884,0.5,-121.77974610613886,-0.9783510165419975,2.2322233445915667,-65,65000
cf1_sim,35.019999999999875,0.5828564059579417,0.5295857079196897,0.4,-133.45999999999967,-0.417931270691083,0.234484420772708,0.0,0.1286101749089753,0.6642183921271606,0.5,-120.4232580957261,-0.9699815815535329,2.2335506197141175,-65,65000
cf1_sim,35.03999999999988,0.5744407805823424,0.5341186690494311,0.4,-132.15999999999966,-0.4207812687799697,0.2266480564870682,0.0,0.11931221054776381,0.6603204793611639,0.5,-119.06078521884257,-0.9616318960660825,2.2348137904375407,-65,65000
cf1_sim,35.05999999999988,0.5659712436826938,0.5384939697511756,0.4,-130.85999999999964,-0.4234768449824314,0.2187650350872279,0.0,0.11012569403092426,0.6562575345868957,0.5,-117.69233620382474,-0.953302864451061,2.2360133285505404,-66,65000
cf1_sim,35.079999999999885,0.5574509008641961,0.5427107385452133,0.4,-129.53999999999968,-0.426017140924881,0.21083843970188956,0.0,0.1010538024181109,0.6520319775418768,0.5,-116.31792477934788,-0.9442144121652809,2.237479450470576,-66,65000
cf1_sim,35.09999999999989,0.5488828736643733,0.5467681659410242,0.4,-128.21999999999966,-0.42840135999114515,0.2028713697905434,0.0,0.09209966295370992,0.6476462905093241,0.5,-114.93756986687208,-0.9351475332133224,2.238876872195278,-66,65000
cf1_sim,35.11999999999989,0.5402702983116611,0.5506655047391342,0.4,-126.89999999999965,-0.4306287676356129,0.19486693990550175,0.0,0.08326635182851838,0.6431030173054666,0.5,-113.55129576997074,-0.9261031729706738,2.240206134990375,-67,65000
cf1_sim,35.139999999999894,0.5316163244782297,0.5544020703080927,0.4,-125.55999999999968,-0.43269869167156705,0.18682827844792374,0.0,0.07455689296194262,0.638404762242313,0.5,-112.15913235958716,-0.9162997907506875,2.24178778173969,-67,65000
cf1_sim,35.1599999999999,0.5229241140275381,0.5579772408364593,0.4,-124.21999999999966,-0.43461052253458066,0.1787585264183283,0.0,0.06597425680520264,0.6335541890662859,0.5,-110.76111525421882,-0.9065198432070379,2.2432958459372454,-67,65000
cf1_sim,35.1799999999999,0.5141968397571206,0.5613904575597012,0.4,-122.87999999999968,-0.43636371352087566,0.17066083616209468,0.0,0.05752135916602191,0.6285540198731452,0.5,-109.35728599397895,-0.8967643167758391,2.2447309425644058,-68,65000
cf1_sim,35.1999999999999,0.5054376841371097,0.5646412249619103,0.4,-121.51999999999967,-0.4379577810005468,0.16253837011045258,0.0,0.049201060055271306,0.623407033999638,0.5,-107.94769220744797,-0.8862500972057975,2.2464031999028626,-68,65000
cf1_sim,35.21999999999991,0.49664983804499835,0.5677291109522595,0.4,-120.15999999999966,-0.43939230460556655,0.15439429951746514,0.0,0.0410161625560288,0.6181160668923182,0.5,-106.53238777018535,-0.8757612281959722,2.2479967212760443,-68,65000
cf1_sim,35.23999999999991,0.4878364994971484,0.5706537470161297,0.4,-118.79999999999964,-0.440666927392496,0.14623180319351028,0.0,0.03296941171550649,0.6126840089539871,0.5,-105.11143295374687,-0.8652987371208389,2.249512199519787,-68,65000
cf1_sim,35.25999999999991,0.4790008723775517,0.573414828340845,0.4,-117.43999999999966,-0.4417813559798362,0.13805406623576666,0.0,0.025063493460288855,0.6071138043682187,0.5,-103.68489456402224,-0.8548636374346366,2.250950344938678,-69,65000
cf1_sim,35.279999999999916,0.47014616516435237,0.5760121139159693,0.4,-116.05999999999966,-0.44273536065996544,0.12986427875621198,0.0,0.01730103353531387,0.6014084499024404,0.5,-102.25284606769594,-0.8436706717578835,2.252606518890508,-69,65000
cf1_sim,35.29999999999992,0.46127558965464,0.5784454266081221,0.4,-114.67999999999968,-0.4435287754856183,0.12166563460764271,0.0,0.009684596467023687,0.5955709936900461,0.5,-100.81536770562022,-0.8325060835050905,2.2541793124285325,-69,65000
cf1_sim,35.31999999999992,0.45239235968802255,0.5807146532102866,0.4,-113.29999999999967,-0.4441614983308711,0.1134613301082243,0.0,0.002216684551096526,0.5896045339920325,0.5,-99.37254659189392,-0.8213709249953426,2.255669517954761,-70,65000
cf1_sim,35.339999999999925,0.44349968986949034,0.5828197444655883,0.4,-111.89999999999966,-0.4446334909266103,0.10525456276508227,0.0,-0.005100263134833638,0.583512217938652,0.5,-97.92447679744781,-0.8094783140945123,2.257360644383642,-70,65000
cf1_sim,35.35999999999993,0.434600794292081,0.5847607150655372,0.4,-110.49999999999964,-0.4449447788704693,0.09704852999744466,0.0,-0.012263871693075912,0.5772972402515868,0.5,-96.47125941695747,-0.7976161657425498,2.258962814621924,-70,65000
cf1_sim,35.37999999999993,0.4256988852598564,0.5865376436227341,0.4,-109.09999999999962,-0.44509545161123,0.08884642785984638,0.0,-0.019271831342015378,0.570962841947156,0.5,-95.01300261793837,-0.7857855704788971,2.2604769069276,-70,65000
cf1_sim,35.399999999999935,0.41679717201170247,0.5881506726180522,0.4,-107.69999999999966,-0.44508566240769554,0.08065144976590627,0.0,-0.02612189832610573,0.5645123090210747,0.5,-93.54982167091904,-0.7739876003807653,2.2619038177784696,-71,65000
cf1_sim,35.41999999999994,0.4078988594464614,0.589600008322316,0.4,-106.27999999999966,-0.4449156282620508,0.07246678521318715,0.0,-0.03281189579935845,0.5579489711152916,0.5,-92.08183895964373,-0.7614332409511302,2.26351038974199,-71,65000
cf1_sim,35.43999999999994,0.3990071468499067,0.5908859206925089,0.4,-104.85999999999963,-0.444585629827737,0.06429561850964896,0.0,-0.03933971468197467,0.5512762001674386,0.5,-90.6091839703248,-0.7489126278190227,2.2650231614913032,-71,65000
cf1_sim,35.459999999999944,0.3901252266240691,0.5920087432425529,0.4,-103.43999999999961,-0.4440960112918782,0.056141127502204194,0.0,-0.04570331448977849,0.5444974090434335,0.5,-89.13199325904323,-0.73642686840905,2.2664431189042253,-72,65000
cf1_sim,35.47999999999995,0.381256283019423,0.5929688728887106,0.4,-101.99999999999966,-0.44344718023230634,0.04800648230788431,0.0,-0.05190072413611946,0.5376160501537832,0.5,-87.65041039649164,-0.7231854034031538,2.268023843520939,-72,65000
cf1_sim,35.49999999999995,0.37240349087043817,0.593766769769673,0.4,-100.55999999999965,-0.4426396074492419,0.03989484404812445,0.0,-0.05793004270592439,0.530635614054141,0.5,-86.16458588935456,-0.7099799942600519,2.269504837187454,-72,65000
cf1_sim,35.51999999999995,0.3635700143350042,0.5944029570414064,0.4,-99.11999999999964,-0.44167382677169836,0.03180936358667268,0.0,-0.06378944020158861,0.5235596280306778,0.5,-84.6746770777432,-0.6968117825588751,2.2708871783926856,-72,65000
cf1_sim,35.53999999999996,0.35475900563823043,0.594878020646839,0.4,-97.67999999999961,-0.4405504348386873,0.02375318027162862,0.0,-0.06947715826040984,0.5163916546708353,0.5,-83.18084800822609,-0.6836818862409967,2.2721719639760143,-72,65000
cf1_sim,35.55999999999996,0.3459736038211242,0.5951926090604813,0.4,-96.23999999999967,-0.4392700908553124,0.015729420682114432,0.0,-0.07499151084327643,0.5091352904200309,0.5,-81.6832692821384,-0.6705913992681038,2.2733603086390537,-73,65000
cf1_sim,35.57999999999996,0.3372169334946472,0.5953474330080829,0.4,-94.77999999999966,-0.43783351632384965,0.007741197380079541,0.0,-0.08033088489433682,0.5017941641248939,0.5,-80.182117879002,-0.656747417255687,2.2746827311234163,-73,65000
cf1_sim,35.599999999999966,0.32849210359964875,0.5953432651614377,0.4,-93.3199999999997,-0.4362414947499214,-0.0002083923322617788,0.0,-0.08549374097138446,0.49437193556361514,0.5,-78.6775769550441,-0.6429441850550497,2.27590163465051,-73,65000
cf1_sim,35.61999999999997,0.3198022061731711,0.5951809398084604,0.4,-91.85999999999967,-0.43449487132388226,-0.008116267648862984,0.0,-0.09047861384670891,0.48687229396399934,0.5,-77.1698356169696,-0.6291828249495653,2.277018228726437,-73,65000
